password,game
aider,"('fuffy', 'doors', 'imbar', 'pommy', 'dital', 'dicer')"
aider,"('cutch', 'ixnay', 'embar', 'kloof', 'rizas', 'diver')"
aider,"('bunts', 'roric', 'eggar', 'hyphy', 'rival', 'diker')"
aisle,"('footy', 'supes', 'semie', 'drouk', 'siver', 'sidle')"
aisle,"('whump', 'iftar', 'logie', 'woozy', 'sines', 'sidle')"
aisle,"('bunch', 'stray', 'lowse', 'funny', 'sizes', 'sidle')"
aunty,"('glede', 'urine', 'noway', 'rokes', 'tubas', 'nutty')"
aunty,"('hoofs', 'upend', 'twiny', 'pombe', 'tubar', 'nutty')"
aunty,"('creme', 'tidal', 'noway', 'ichor', 'yugas', 'nutty')"
bacon,"('quiff', 'cymas', 'clean', 'tried', 'natch', 'caron')"
bacon,"('tymps', 'owing', 'clean', 'grimy', 'nauch', 'caron')"
bacon,"('tuktu', 'amins', 'clean', 'viper', 'carby', 'caxon')"
badly,"('chuck', 'lovat', 'denay', 'peers', 'laids', 'dally')"
badly,"('cwtch', 'aroba', 'denay', 'penis', 'daubs', 'daily')"
badly,"('crwth', 'yugas', 'looby', 'gings', 'lande', 'daily')"
bagel,"('cuddy', 'ainga', 'ethal', 'tutus', 'largo', 'gavel')"
bagel,"('chizz', 'asyla', 'equal', 'sozin', 'largo', 'gavel')"
bagel,"('ruins', 'limby', 'goral', 'wrist', 'laugh', 'gavel')"
baler,"('thymy', 'anglo', 'eskar', 'ginzo', 'laird', 'lawer')"
baler,"('tommy', 'ekkas', 'lunar', 'whiff', 'eagle', 'lader')"
baler,"('undug', 'lovat', 'eskar', 'cohog', 'laari', 'layer')"
balmy,"('jocko', 'musar', 'apply', 'renos', 'maile', 'lammy')"
balmy,"('cezve', 'monad', 'murly', 'phpht', 'mails', 'lammy')"
balmy,"('whizz', 'apays', 'moray', 'tuktu', 'macle', 'lammy')"
barge,"('twilt', 'asura', 'adobe', 'hyphy', 'raver', 'range')"
barge,"('oomph', 'exert', 'aware', 'juicy', 'rased', 'range')"
barge,"('putty', 'eniac', 'globe', 'oucht', 'rases', 'radge')"
baron,"('xylyl', 'ohing', 'rewan', 'jukes', 'rauns', 'radon')"
baron,"('myths', 'aland', 'rewan', 'dicks', 'naira', 'racon')"
baron,"('whups', 'afara', 'redan', 'xylyl', 'naira', 'racon')"
basic,"('pygmy', 'awash', 'serac', 'tondo', 'causa', 'salic')"
basic,"('gynny', 'specs', 'sumac', 'utter', 'carbo', 'salic')"
basic,"('phpht', 'squaw', 'serac', 'roved', 'canso', 'salic')"
basin,"('hyphy', 'arene', 'solan', 'epoch', 'sauba', 'satin')"
basin,"('vutty', 'nodal', 'skean', 'voter', 'iambi', 'sarin')"
basin,"('lymph', 'segno', 'scran', 'oucht', 'sauna', 'savin')"
basis,"('humph', 'sense', 'sofas', 'gomer', 'salsa', 'saris')"
basis,"('jocky', 'ilial', 'senas', 'letch', 'sauba', 'satis')"
basis,"('gyppy', 'surah', 'stobs', 'genre', 'salse', 'sakis')"
baste,"('gliff', 'soyas', 'scrae', 'pudor', 'tamed', 'saute')"
baste,"('prick', 'skiey', 'scrae', 'rumor', 'sambo', 'saute')"
baste,"('lymph', 'sixer', 'towse', 'myoid', 'sazes', 'saute')"
bathe,"('sylis', 'tuner', 'howbe', 'furor', 'tamed', 'tache')"
bathe,"('slyly', 'token', 'arete', 'jugum', 'taped', 'tache')"
bathe,"('vizir', 'tyned', 'togae', 'fluff', 'tapes', 'tache')"
baton,"('yummy', 'ohing', 'ocean', 'riled', 'oasts', 'talon')"
baton,"('zuzim', 'aland', 'ocean', 'gyppy', 'tarns', 'taxon')"
baton,"('whisk', 'alane', 'tyran', 'lemur', 'tains', 'tauon')"
batty,"('quims', 'trial', 'tokay', 'roked', 'taube', 'tanty')"
batty,"('grrrl', 'tikas', 'today', 'jeffs', 'taube', 'tanty')"
batty,"('immix', 'apays', 'today', 'piker', 'taube', 'tarty')"
bawdy,"('tophs', 'aliya', 'derby', 'pours', 'wagyu', 'waddy')"
bawdy,"('optic', 'alays', 'deray', 'poulp', 'wagyu', 'waddy')"
bawdy,"('chuck', 'dimbo', 'denay', 'moths', 'darbs', 'waddy')"
befit,"('grrrl', 'taxed', 'fouet', 'hyphy', 'fents', 'fecit')"
befit,"('kudzu', 'fowth', 'inset', 'marra', 'felty', 'fecit')"
befit,"('pygmy', 'fouer', 'inlet', 'carry', 'festa', 'fecit')"
began,"('crwth', 'nuked', 'given', 'mirly', 'aeons', 'geyan')"
began,"('twixt', 'noobs', 'admen', 'chuff', 'gerbe', 'geyan')"
began,"('fordo', 'evens', 'axmen', 'tuktu', 'neigh', 'geyan')"
belch,"('grump', 'coyly', 'caneh', 'urari', 'heils', 'letch')"
belch,"('gummy', 'hoves', 'caneh', 'prawn', 'ceili', 'letch')"
belch,"('grypt', 'coked', 'caneh', 'ouzos', 'heils', 'leuch')"
berry,"('cogon', 'rakes', 'riley', 'whump', 'redye', 'refry')"
berry,"('ghaut', 'roves', 'riley', 'moops', 'redye', 'redry')"
berry,"('tilth', 'races', 'ropey', 'ungum', 'redye', 'redry')"
bilge,"('chota', 'lysis', 'inkle', 'synch', 'liver', 'ligge')"
bilge,"('oucht', 'gases', 'genie', 'curds', 'girly', 'liege')"
bilge,"('daraf', 'gopik', 'incle', 'huzzy', 'limes', 'ligge')"
black,"('hight', 'cycad', 'croak', 'foods', 'clubs', 'aleck')"
black,"('wight', 'apply', 'croak', 'smowt', 'clubs', 'aleck')"
black,"('phpht', 'limby', 'croak', 'proto', 'clubs', 'aleck')"
blare,"('ictic', 'ephas', 'anele', 'kiosk', 'aloed', 'alure')"
blare,"('zizit', 'lowes', 'ankle', 'hyphy', 'aldea', 'alure')"
blare,"('tifts', 'apnea', 'adobe', 'spumy', 'alley', 'alure')"
blast,"('gruff', 'synth', 'sweat', 'rimed', 'slobs', 'alist')"
blast,"('gynny', 'serac', 'shoat', 'nicer', 'slubb', 'alist')"
blast,"('pence', 'shwas', 'smolt', 'gynny', 'slubb', 'alist')"
blend,"('mutch', 'dryer', 'nosed', 'mooks', 'elide', 'eland')"
blend,"('curch', 'lyses', 'noted', 'siris', 'elide', 'eland')"
blend,"('whoot', 'lyres', 'limed', 'pikis', 'elude', 'eland')"
boney,"('cliff', 'yapok', 'outby', 'kliks', 'young', 'nosey')"
boney,"('lamia', 'ephod', 'outby', 'curia', 'young', 'nosey')"
boney,"('chizz', 'yakow', 'outby', 'ducat', 'young', 'nosey')"
bonus,"('kacha', 'strow', 'omens', 'wefte', 'noisy', 'nodus')"
bonus,"('talma', 'swink', 'ovens', 'hyphy', 'sorbo', 'nodus')"
bonus,"('tazza', 'scrow', 'opens', 'heart', 'noisy', 'nodus')"
borne,"('lummy', 'raves', 'ochre', 'zizit', 'rodeo', 'ronne')"
borne,"('vigil', 'ratoo', 'ochre', 'mussy', 'roded', 'ronne')"
borne,"('putti', 'razoo', 'ochre', 'flaxy', 'nodes', 'royne')"
bosom,"('twank', 'merse', 'odism', 'ghyll', 'soums', 'sodom')"
bosom,"('pluff', 'maybe', 'odism', 'cwtch', 'sorbs', 'sodom')"
bosom,"('algae', 'spumy', 'odism', 'devel', 'sowms', 'sodom')"
bossy,"('pixie', 'octyl', 'savoy', 'kudzu', 'sorbo', 'sonsy')"
bossy,"('exeem', 'splog', 'savoy', 'chuff', 'sorbo', 'sonsy')"
bossy,"('civic', 'salol', 'sepoy', 'hudud', 'sorbo', 'sonsy')"
botch,"('addax', 'triol', 'cheth', 'gyppy', 'tombs', 'touch')"
botch,"('pulls', 'taxon', 'cheth', 'mamas', 'combi', 'torch')"
botch,"('kudzu', 'talon', 'cheth', 'gyppy', 'coits', 'torch')"
braid,"('nymph', 'dukas', 'iliad', 'gonzo', 'arede', 'aroid')"
braid,"('phpht', 'decay', 'iliad', 'towel', 'drubs', 'aroid')"
braid,"('phpht', 'azury', 'iliad', 'flype', 'dream', 'aroid')"
brash,"('kudzu', 'awmry', 'selah', 'flout', 'aroha', 'arish')"
brash,"('pulik', 'awmry', 'sokah', 'field', 'aruhe', 'arish')"
brash,"('gynny', 'spurt', 'selah', 'outgo', 'aroha', 'arish')"
bride,"('pocky', 'dudes', 'deere', 'yugas', 'ervil', 'irade')"
bride,"('umpty', 'egers', 'rowie', 'chuts', 'ervil', 'irade')"
bride,"('phpht', 'dykes', 'dowie', 'pasty', 'druid', 'irade')"
brine,"('phpht', 'rases', 'rudie', 'shola', 'ervil', 'irone')"
brine,"('muggy', 'races', 'retie', 'sylva', 'irked', 'irone')"
brine,"('skyfs', 'ramet', 'nudie', 'quoll', 'ervil', 'irone')"
broad,"('phpht', 'angry', 'award', 'cluck', 'dribs', 'oread')"
broad,"('stich', 'anyon', 'award', 'hemps', 'argol', 'oread')"
broad,"('intil', 'azury', 'award', 'flips', 'arcos', 'oread')"
brunt,"('kilim', 'roguy', 'recut', 'yawps', 'trabs', 'urent')"
brunt,"('gloop', 'nifty', 'recut', 'whole', 'trabs', 'urent')"
brunt,"('ghyll', 'titup', 'recut', 'wiggy', 'trabs', 'urent')"
brute,"('lymph', 'riser', 'togue', 'opals', 'urned', 'urate')"
brute,"('xylol', 'unsew', 'titre', 'chiks', 'urger', 'urate')"
brute,"('skyfs', 'timbo', 'thebe', 'cocky', 'urged', 'urate')"
buggy,"('davit', 'greys', 'globy', 'milpa', 'gumbo', 'gungy')"
buggy,"('appal', 'grebe', 'gooby', 'tikis', 'gumbo', 'gungy')"
buggy,"('dixie', 'garbs', 'gooby', 'phpht', 'gumbo', 'gungy')"
bugle,"('cwtch', 'liven', 'usage', 'visas', 'gumbo', 'guyle')"
bugle,"('vichy', 'gambo', 'gerbe', 'dorks', 'luted', 'gusle')"
bugle,"('hyphy', 'losen', 'garbe', 'poppy', 'luted', 'guile')"
bulge,"('howdy', 'gamer', 'utile', 'faddy', 'luces', 'lunge')"
bulge,"('cooky', 'upjet', 'gerle', 'whizz', 'ludes', 'lunge')"
bulge,"('hapax', 'gooby', 'gerle', 'mimic', 'lutes', 'lunge')"
bulky,"('thees', 'knoll', 'lamby', 'vapor', 'lumbi', 'lucky')"
bulky,"('gaddi', 'letup', 'looby', 'hated', 'kumys', 'lucky')"
bulky,"('faqir', 'knelt', 'looby', 'ceria', 'kumys', 'lucky')"
burly,"('thang', 'risus', 'looby', 'spaed', 'lucre', 'rumly')"
burly,"('entia', 'lotus', 'lairy', 'spits', 'lucre', 'rumly')"
burly,"('phpht', 'yaird', 'lowry', 'akkas', 'lucre', 'rumly')"
bused,"('pygmy', 'solds', 'scaud', 'iroko', 'suids', 'sured')"
bused,"('gynny', 'solds', 'scaud', 'phpht', 'suids', 'sured')"
bused,"('xylyl', 'epode', 'scaud', 'tooth', 'suids', 'sured')"
cabby,"('leggo', 'apayd', 'byway', 'fixit', 'bancs', 'barby')"
cabby,"('jujus', 'amice', 'booay', 'ponds', 'batch', 'barby')"
cabby,"('gusts', 'allyl', 'byway', 'vexed', 'banya', 'barby')"
cabin,"('verry', 'aland', 'bogan', 'phpht', 'iambi', 'basin')"
cabin,"('fluff', 'brond', 'ingan', 'semee', 'batch', 'bavin')"
cabin,"('zoppo', 'alant', 'began', 'dummy', 'bawns', 'bavin')"
cable,"('shtik', 'loxed', 'bunce', 'soggy', 'laver', 'bayle')"
cable,"('phizz', 'lutes', 'bonce', 'pirog', 'laxer', 'bayle')"
cable,"('juror', 'awned', 'amice', 'phpht', 'bases', 'bayle')"
caddy,"('quoth', 'disas', 'deray', 'prigs', 'dance', 'dandy')"
caddy,"('might', 'dukas', 'delay', 'swoun', 'yarco', 'dandy')"
caddy,"('humph', 'abacs', 'delay', 'twixt', 'yarco', 'dandy')"
cagey,"('houff', 'alack', 'azygy', 'dixit', 'yangs', 'gamey')"
cagey,"('finds', 'gobar', 'elegy', 'unlit', 'gatch', 'gamey')"
cagey,"('tuktu', 'abaca', 'elogy', 'whiff', 'yangs', 'gamey')"
caper,"('twiny', 'pumas', 'polar', 'boyfs', 'eagre', 'parer')"
caper,"('viffs', 'rojak', 'eggar', 'dunny', 'ralph', 'pater')"
caper,"('nudzh', 'roopy', 'pilar', 'mogul', 'rasps', 'pater')"
carat,"('xylyl', 'awork', 'apert', 'zuzim', 'ranch', 'rabat')"
carat,"('novum', 'aggry', 'apert', 'whilk', 'rafts', 'rabat')"
carat,"('mummy', 'aggri', 'alert', 'zoppo', 'rants', 'rabat')"
caste,"('mirid', 'synes', 'telae', 'zoppo', 'saheb', 'saute')"
caste,"('pygmy', 'shoed', 'tense', 'kombu', 'tarsi', 'saute')"
caste,"('dodgy', 'shmek', 'telae', 'quonk', 'saner', 'saute')"
cater,"('bunny', 'aggro', 'eskar', 'woods', 'raita', 'tamer')"
cater,"('kooky', 'tidal', 'tubar', 'union', 'rasta', 'taver')"
cater,"('wongi', 'alarm', 'tubar', 'hyphy', 'easts', 'taxer')"
catty,"('zimbi', 'apace', 'today', 'longs', 'talcs', 'tarty')"
catty,"('humph', 'yince', 'tokay', 'polio', 'talcs', 'tarty')"
catty,"('mujik', 'apace', 'today', 'prime', 'talcs', 'tarty')"
cavil,"('gyppo', 'adult', 'venal', 'preon', 'larva', 'vakil')"
cavil,"('proto', 'amyls', 'ileal', 'hymns', 'lanch', 'vakil')"
cavil,"('bowrs', 'amply', 'venal', 'hoppy', 'latch', 'vakil')"
cedar,"('lumbi', 'eyers', 'dower', 'phpht', 'deere', 'denar')"
cedar,"('mussy', 'appel', 'dover', 'fifth', 'reede', 'denar')"
cedar,"('pippy', 'dobes', 'alter', 'ziffs', 'deuce', 'denar')"
chant,"('moppy', 'abuts', 'aight', 'quims', 'thraw', 'ahent')"
chant,"('juves', 'today', 'aught', 'russe', 'thrae', 'ahint')"
chant,"('flyby', 'hoots', 'aught', 'oppos', 'thrae', 'ahint')"
cider,"('tuktu', 'eloin', 'eyrir', 'lawks', 'riads', 'dimer')"
cider,"('quoll', 'rawin', 'eyrir', 'phpht', 'discs', 'direr')"
cider,"('zoppo', 'elude', 'eyrir', 'potts', 'riads', 'diner')"
clean,"('hyphy', 'aguna', 'losen', 'pivot', 'elint', 'elvan')"
clean,"('trooz', 'awdls', 'liken', 'fuggy', 'albee', 'elvan')"
clean,"('boffo', 'awing', 'admen', 'sukuk', 'allel', 'elvan')"
clove,"('pygmy', 'laxes', 'ounce', 'ariki', 'elbow', 'olive')"
clove,"('putts', 'embox', 'lance', 'whisk', 'older', 'olive')"
clove,"('susus', 'ooped', 'veale', 'myrrh', 'elect', 'olive')"
comet,"('gilly', 'manos', 'educt', 'jarul', 'mooch', 'motet')"
comet,"('wynds', 'evite', 'epact', 'fluff', 'torch', 'motet')"
comet,"('dippy', 'enema', 'eject', 'lusus', 'torch', 'motet')"
copse,"('xylyl', 'shaps', 'stupe', 'wiggy', 'sored', 'poise')"
copse,"('thymy', 'savor', 'punce', 'dairy', 'podex', 'poise')"
copse,"('jinni', 'other', 'sauce', 'xylyl', 'poked', 'posse')"
coral,"('busky', 'lemon', 'apiol', 'supes', 'loord', 'rotal')"
coral,"('humph', 'agios', 'aldol', 'miens', 'roble', 'rotal')"
coral,"('tuktu', 'reply', 'aldol', 'fuses', 'roils', 'romal')"
corer,"('phpht', 'rigol', 'rumor', 'skiff', 'roary', 'rower')"
corer,"('divvy', 'embow', 'razor', 'pulls', 'rotch', 'roker')"
corer,"('winns', 'eagre', 'rumor', 'flyby', 'rotch', 'roker')"
cover,"('kudus', 'rigol', 'vapor', 'llama', 'rotch', 'vomer')"
cover,"('pully', 'emerg', 'visor', 'subha', 'roach', 'voter')"
cover,"('xylyl', 'enure', 'vigor', 'await', 'voars', 'voter')"
covet,"('kudzu', 'typos', 'enact', 'immix', 'torch', 'volet')"
covet,"('pawaw', 'vison', 'ergot', 'nanny', 'vouch', 'volet')"
covet,"('yabba', 'eikon', 'educt', 'guimp', 'torcs', 'volet')"
cower,"('small', 'enurn', 'ephor', 'bizzy', 'rotch', 'woker')"
cower,"('annul', 'emirs', 'ephor', 'jubas', 'rotch', 'woker')"
cower,"('kabab', 'eidos', 'error', 'gulpy', 'rotch', 'wooer')"
crane,"('silks', 'roper', 'aygre', 'butut', 'armer', 'arene')"
crane,"('shush', 'aport', 'aygre', 'kibbi', 'armed', 'arene')"
crane,"('zuzim', 'alley', 'novae', 'phpht', 'arsed', 'arene')"
crash,"('jugum', 'syncs', 'retch', 'buddy', 'aroha', 'arish')"
crash,"('gynny', 'sukhs', 'selah', 'glent', 'aroha', 'arish')"
crash,"('boggy', 'alpha', 'runch', 'dited', 'areca', 'arish')"
crate,"('lowly', 'emmas', 'tubae', 'noisy', 'erick', 'arete')"
crate,"('sluff', 'tokay', 'titre', 'dinky', 'arpen', 'arete')"
crate,"('gyppy', 'enorm', 'titre', 'pudus', 'truer', 'arete')"
crept,"('gynny', 'emote', 'palet', 'niqab', 'pries', 'erupt')"
crept,"('xylyl', 'roker', 'edict', 'shash', 'prats', 'erupt')"
crept,"('flyby', 'emote', 'enact', 'allis', 'erics', 'erupt')"
cried,"('mayan', 'execs', 'rorid', 'boots', 'eruct', 'irked')"
cried,"('gools', 'every', 'equid', 'phpht', 'erbia', 'irked')"
cried,"('bhuts', 'enorm', 'izard', 'gyppy', 'ervil', 'irked')"
crypt,"('abmho', 'pluck', 'piert', 'sneds', 'proto', 'yrapt')"
crypt,"('aloof', 'runch', 'poort', 'jinni', 'price', 'yrapt')"
crypt,"('fauns', 'padri', 'yourt', 'eagle', 'price', 'yrapt')"
curly,"('zooid', 'latus', 'rebuy', 'doobs', 'runch', 'rumly')"
curly,"('donko', 'letch', 'usury', 'twink', 'lubra', 'rumly')"
curly,"('skeds', 'liart', 'roguy', 'amove', 'runch', 'rumly')"
curse,"('wagga', 'shout', 'since', 'vying', 'rubel', 'russe')"
curse,"('flint', 'sojus', 'sabre', 'pygmy', 'suses', 'russe')"
curse,"('whata', 'simul', 'sonce', 'gyppy', 'suses', 'russe')"
dally,"('pikis', 'leman', 'lordy', 'cwtch', 'labda', 'laxly')"
dally,"('ngwee', 'lovat', 'acidy', 'bumph', 'lards', 'laxly')"
dally,"('weete', 'lobar', 'acidy', 'humph', 'lands', 'laxly')"
debar,"('hyphy', 'bolds', 'brier', 'uncut', 'reede', 'begar')"
debar,"('humph', 'acidy', 'boxer', 'lowps', 'beers', 'belar')"
debar,"('poupt', 'ajies', 'acker', 'quipu', 'reedy', 'begar')"
debit,"('gawky', 'booth', 'islet', 'karns', 'tendu', 'befit')"
debit,"('lummy', 'tondo', 'buret', 'shako', 'beady', 'besit')"
debit,"('kyack', 'bowel', 'buret', 'sulky', 'bests', 'befit')"
debut,"('cippi', 'toter', 'unwet', 'acock', 'belts', 'beaut')"
debut,"('griff', 'bowel', 'upjet', 'halos', 'tends', 'beaut')"
debut,"('gynny', 'toter', 'upset', 'solos', 'beedi', 'beaut')"
delta,"('gooky', 'armer', 'labda', 'whizz', 'lends', 'lepta')"
delta,"('booby', 'emule', 'tinea', 'minks', 'teras', 'lepta')"
delta,"('cough', 'tinds', 'labda', 'whiss', 'leear', 'lepta')"
delve,"('yucch', 'liter', 'exode', 'unfit', 'vends', 'leave')"
delve,"('gynny', 'exult', 'voile', 'hokum', 'lemes', 'leave')"
delve,"('month', 'lurer', 'lycee', 'kibbi', 'leges', 'leave')"
demon,"('yucky', 'exine', 'maven', 'phpht', 'neemb', 'meson')"
demon,"('quiff', 'orang', 'owsen', 'yacca', 'meynt', 'melon')"
demon,"('skyfs', 'niter', 'maven', 'aitus', 'neume', 'melon')"
dense,"('thrum', 'soces', 'saine', 'gyppy', 'sewel', 'neese')"
dense,"('zoppo', 'scant', 'ngwee', 'kibbi', 'sesey', 'neese')"
dense,"('hubby', 'stank', 'elide', 'cocco', 'serer', 'neese')"
devil,"('tunny', 'icker', 'vowel', 'knock', 'veals', 'vexil')"
devil,"('crypt', 'lumen', 'vowel', 'sabot', 'leads', 'vexil')"
devil,"('chota', 'lurer', 'impel', 'ascot', 'lends', 'vexil')"
diary,"('potto', 'aumil', 'ixnay', 'socle', 'rizas', 'aiery')"
diary,"('cohog', 'aumil', 'ixnay', 'oches', 'rivas', 'aiery')"
diary,"('chuck', 'isbas', 'rowdy', 'felch', 'rival', 'aiery')"
dimly,"('pewee', 'mujik', 'loamy', 'rubus', 'minds', 'mirly')"
dimly,"('tweet', 'mucic', 'loamy', 'beses', 'minds', 'mirly')"
dimly,"('tuktu', 'logic', 'laldy', 'jeeze', 'linds', 'mirly')"
diner,"('cooks', 'emure', 'nazir', 'xylyl', 'eigne', 'niter')"
diner,"('kloof', 'exude', 'eyrir', 'bools', 'riads', 'niter')"
diner,"('botch', 'equip', 'eyrir', 'slobs', 'riads', 'nixer')"
dirty,"('calla', 'impro', 'reedy', 'smalm', 'rinds', 'rifty')"
dirty,"('poulp', 'imari', 'reedy', 'muxes', 'rinds', 'rifty')"
dirty,"('coomb', 'thuya', 'reedy', 'wanes', 'rinds', 'rifty')"
ditty,"('unces', 'tupik', 'toady', 'sonse', 'tilde', 'tinty')"
ditty,"('skugs', 'yomim', 'tardy', 'orals', 'tilde', 'tinty')"
ditty,"('leech', 'tupik', 'toady', 'pechs', 'yirds', 'tinty')"
diver,"('howff', 'eagre', 'eyrir', 'uncut', 'eilds', 'viper')"
diver,"('swung', 'vomit', 'eyrir', 'buppy', 'vifda', 'viler')"
diver,"('hulks', 'emove', 'eyrir', 'tufts', 'vifda', 'viper')"
dolly,"('chick', 'outdo', 'leady', 'recit', 'lords', 'lowly')"
dolly,"('exeme', 'outdo', 'lardy', 'spain', 'loids', 'lowly')"
dolly,"('jembe', 'outdo', 'lardy', 'meane', 'loids', 'lowly')"
dopey,"('kabab', 'ewhow', 'oundy', 'immix', 'polyp', 'posey')"
dopey,"('mahua', 'pilow', 'envoy', 'basta', 'poods', 'pogey')"
dopey,"('cubit', 'yahoo', 'envoy', 'suras', 'yomps', 'pogey')"
dowry,"('cleck', 'yahoo', 'rindy', 'butut', 'woods', 'worry')"
dowry,"('filmi', 'yupon', 'reedy', 'lacet', 'roads', 'worry')"
dowry,"('amici', 'repot', 'oundy', 'katal', 'wolds', 'worry')"
drama,"('hyphy', 'rugal', 'micra', 'feign', 'areas', 'aroma')"
drama,"('shush', 'antae', 'micra', 'pynes', 'array', 'aroma')"
drama,"('wefte', 'rugal', 'mbira', 'hyphy', 'arnas', 'aroma')"
dried,"('glyph', 'etuis', 'rorid', 'tosas', 'erbia', 'irked')"
dried,"('coofs', 'ettin', 'equid', 'glyph', 'erbia', 'irked')"
dried,"('oncus', 'emerg', 'rapid', 'lanas', 'ervil', 'irked')"
droit,"('lummy', 'racon', 'repot', 'culpa', 'irids', 'orbit')"
droit,"('lymph', 'rusts', 'ingot', 'yapps', 'orate', 'orbit')"
droit,"('cuppy', 'igloo', 'inert', 'gauzy', 'trads', 'orbit')"
druid,"('xylyl', 'input', 'izard', 'goons', 'uredo', 'ursid')"
druid,"('gynny', 'ilium', 'izard', 'phpht', 'uredo', 'ursid')"
druid,"('hyphy', 'ilium', 'izard', 'maneh', 'uredo', 'ursid')"
duchy,"('falaj', 'upbye', 'hoody', 'twixt', 'hunch', 'cushy')"
duchy,"('bravo', 'hilch', 'heedy', 'kamis', 'hutch', 'cushy')"
duchy,"('twill', 'yarco', 'heedy', 'wears', 'hunch', 'cushy')"
dusky,"('racon', 'shtup', 'seedy', 'whomp', 'suids', 'sulky')"
dusky,"('xebec', 'kokum', 'kandy', 'whipt', 'surds', 'sulky')"
dusky,"('pewee', 'ytost', 'karsy', 'otter', 'suids', 'sulky')"
dusty,"('zoppo', 'scrum', 'tansy', 'caper', 'suids', 'suety')"
dusty,"('babka', 'shrug', 'towsy', 'panim', 'tulsi', 'suety')"
dusty,"('kacha', 'shays', 'towsy', 'gnarl', 'tulsi', 'suety')"
eager,"('xylyl', 'ainga', 'gobar', 'stook', 'gaurs', 'gater')"
eager,"('cwtch', 'gopak', 'gular', 'umpty', 'rangi', 'gamer')"
eager,"('culch', 'ridgy', 'gobar', 'zooms', 'rangs', 'gamer')"
eagle,"('uncut', 'armer', 'aiyee', 'hoosh', 'lawed', 'gable')"
eagle,"('cutty', 'lozen', 'apage', 'whiff', 'gades', 'gable')"
eagle,"('fruit', 'lomed', 'lycee', 'brush', 'laves', 'gable')"
early,"('oucht', 'aimed', 'absey', 'stomp', 'rakee', 'rawly')"
early,"('chuff', 'litas', 'looey', 'bocks', 'laded', 'rally')"
early,"('chuff', 'roper', 'liney', 'zincs', 'raves', 'rally')"
easel,"('curny', 'spilt', 'shoal', 'drown', 'laksa', 'samel')"
easel,"('cwtch', 'ligan', 'soral', 'young', 'sauls', 'samel')"
easel,"('vinic', 'abyss', 'soral', 'buchu', 'sault', 'samel')"
eaten,"('hwyls', 'acing', 'toran', 'mulsh', 'taunt', 'tapen')"
eaten,"('hyphy', 'aguna', 'tolan', 'bumbo', 'tains', 'taken')"
eaten,"('chuff', 'noxal', 'tyran', 'smirk', 'tains', 'tapen')"
eater,"('figgy', 'award', 'tolar', 'humph', 'rasta', 'taber')"
eater,"('ungum', 'twirp', 'tolar', 'plugs', 'tayra', 'taser')"
eater,"('ghyll', 'appro', 'tubar', 'whops', 'raita', 'taser')"
eerie,"('buffy', 'rowed', 'ramee', 'phpht', 'rekes', 'relie')"
eerie,"('sculs', 'roneo', 'ramee', 'hyphy', 'reked', 'retie')"
eerie,"('flump', 'roneo', 'razee', 'goony', 'reges', 'retie')"
erase,"('mythy', 'spurn', 'swire', 'dodgy', 'ardeb', 'arose')"
erase,"('flunk', 'scyes', 'smore', 'phpht', 'ardeb', 'arise')"
erase,"('thymy', 'soces', 'rugae', 'cloud', 'ardeb', 'arise')"
fable,"('punch', 'bomas', 'bigae', 'roost', 'later', 'bayle')"
fable,"('chomp', 'bused', 'bigae', 'nurrs', 'laver', 'bayle')"
fable,"('chunk', 'limbi', 'adobe', 'noris', 'laxes', 'bayle')"
facet,"('zippy', 'elvan', 'exeat', 'doggo', 'easts', 'caret')"
facet,"('immix', 'elute', 'abaft', 'zooks', 'canty', 'caret')"
facet,"('hooky', 'cimar', 'elect', 'sound', 'cants', 'cadet')"
false,"('tying', 'sowfs', 'addle', 'bucku', 'lamer', 'lapse')"
false,"('chick', 'lover', 'angle', 'dicot', 'sault', 'lapse')"
false,"('hoick', 'snuff', 'strae', 'whomp', 'laxed', 'lapse')"
farce,"('soots', 'ahuru', 'aygre', 'zimbi', 'ravel', 'rance')"
farce,"('moppy', 'civet', 'alure', 'mints', 'rases', 'rance')"
farce,"('hubby', 'roles', 'rimae', 'gobbo', 'caped', 'rance')"
fatty,"('gimel', 'apays', 'today', 'chuck', 'yarfa', 'tanty')"
fatty,"('munge', 'alays', 'today', 'chizz', 'yarfa', 'tarty')"
fatty,"('shill', 'tubae', 'tokay', 'rinds', 'yarfa', 'tarty')"
favor,"('dunks', 'obeah', 'ottar', 'inept', 'vairy', 'vapor')"
favor,"('gulch', 'veers', 'ottar', 'chime', 'vairy', 'vapor')"
favor,"('jugum', 'venae', 'oscar', 'ended', 'vairy', 'vapor')"
felon,"('curch', 'nisei', 'laten', 'gyppy', 'neeld', 'lemon')"
felon,"('tuktu', 'liver', 'laden', 'chack', 'newly', 'lemon')"
felon,"('gyppy', 'other', 'laden', 'bucku', 'neifs', 'lemon')"
feral,"('nimbi', 'rozet', 'appel', 'duddy', 'lehrs', 'regal')"
feral,"('thymy', 'rodeo', 'appel', 'vinic', 'reefs', 'regal')"
feral,"('butoh', 'awmry', 'rivel', 'ghost', 'leers', 'recal')"
ferry,"('dubbo', 'enzym', 'ravey', 'lotah', 'reifs', 'retry')"
ferry,"('cubit', 'ramen', 'ropey', 'gonch', 'reefs', 'redry')"
ferry,"('whack', 'rivel', 'roofy', 'jugum', 'reefs', 'redry')"
fetal,"('nummy', 'toged', 'ariel', 'ohmic', 'leets', 'tepal')"
fetal,"('curch', 'abbed', 'towel', 'gynny', 'teils', 'tepal')"
fetal,"('mummy', 'lover', 'allel', 'chink', 'leets', 'tepal')"
fetch,"('woody', 'camel', 'crith', 'blips', 'hests', 'teuch')"
fetch,"('boggy', 'haled', 'crwth', 'mixup', 'hests', 'tench')"
fetch,"('grrrl', 'empty', 'couth', 'bipod', 'cesti', 'teach')"
fetid,"('puppy', 'doner', 'imbed', 'pyros', 'teads', 'teiid')"
fetid,"('uhuru', 'tomes', 'inked', 'xylyl', 'teade', 'tepid')"
fetid,"('jokol', 'tawer', 'tubed', 'soppy', 'dents', 'tepid')"
fetus,"('civvy', 'shott', 'twaes', 'mirin', 'temse', 'tegus')"
fetus,"('glary', 'sooey', 'times', 'larky', 'septa', 'tegus')"
fetus,"('almah', 'toked', 'tries', 'cycad', 'tense', 'tegus')"
filer,"('bundu', 'roofs', 'eyrir', 'sumos', 'liart', 'liver')"
filer,"('hunch', 'impro', 'eyrir', 'jaups', 'rials', 'liber')"
filer,"('swops', 'lucid', 'eyrir', 'gauzy', 'liart', 'liger')"
final,"('husks', 'atrip', 'aboil', 'crept', 'aizle', 'nidal')"
final,"('tutty', 'abele', 'armil', 'hoped', 'lions', 'nival')"
final,"('cwtch', 'agony', 'aumil', 'coomb', 'niefs', 'nival')"
finer,"('stoss', 'rapid', 'eyrir', 'coops', 'eigne', 'nicer')"
finer,"('muhly', 'rojis', 'nadir', 'ambos', 'eigne', 'niter')"
finer,"('gloop', 'rauns', 'eyrir', 'tohos', 'nitro', 'nixer')"
flack,"('gyppy', 'ahull', 'croak', 'grout', 'alifs', 'aleck')"
flack,"('jumpy', 'awdls', 'croak', 'snipe', 'clift', 'aleck')"
flack,"('ungum', 'cycad', 'croak', 'phpht', 'alifs', 'aleck')"
flake,"('buddy', 'acnes', 'amole', 'scion', 'alter', 'alike')"
flake,"('hurry', 'loxed', 'angle', 'scrub', 'almes', 'alike')"
flake,"('jugum', 'abyes', 'anole', 'crwth', 'allel', 'alike')"
flare,"('choco', 'rybat', 'axile', 'simis', 'almes', 'alure')"
flare,"('cwtch', 'asyla', 'anile', 'outgo', 'aloed', 'alure')"
flare,"('poynt', 'assez', 'rimae', 'umphs', 'aldea', 'alure')"
flier,"('susus', 'evert', 'eyrir', 'addax', 'eloin', 'iller')"
flier,"('busts', 'lavra', 'eyrir', 'cooch', 'eldin', 'iller')"
flier,"('jugum', 'idols', 'eyrir', 'phpht', 'elain', 'iller')"
focal,"('ebbet', 'livor', 'aldol', 'puggy', 'confs', 'comal')"
focal,"('dusts', 'ovoli', 'cymol', 'under', 'coble', 'coral')"
focal,"('vutty', 'limos', 'argol', 'surgy', 'coble', 'copal')"
focus,"('jeeze', 'carob', 'updos', 'whilk', 'coost', 'comus')"
focus,"('grrrl', 'spica', 'chefs', 'tryke', 'comfy', 'conus')"
focus,"('varia', 'unwon', 'chefs', 'avine', 'copsy', 'comus')"
folly,"('gitch', 'yupon', 'leafy', 'sikas', 'yoofs', 'lowly')"
folly,"('bumph', 'lirot', 'leafy', 'didie', 'yoofs', 'lowly')"
folly,"('chich', 'yupon', 'leafy', 'crims', 'loofs', 'lowly')"
forge,"('nymph', 'gites', 'glare', 'silks', 'rower', 'rouge')"
forge,"('hilly', 'gaped', 'genre', 'sabin', 'roset', 'rouge')"
forge,"('click', 'rased', 'ombre', 'phpht', 'roven', 'rouge')"
forte,"('zimbs', 'tupek', 'ochre', 'xylyl', 'toged', 'roate')"
forte,"('algum', 'tines', 'ochre', 'calms', 'tozed', 'rotte')"
forte,"('gamma', 'ruler', 'twire', 'hyphy', 'rodes', 'ronte')"
forty,"('salps', 'taxon', 'reify', 'pinch', 'tours', 'rooty')"
forty,"('whilk', 'razor', 'tepoy', 'bundu', 'roofs', 'rooty')"
forty,"('civic', 'okays', 'reefy', 'luach', 'yourn', 'rooty')"
foyer,"('lawin', 'exurb', 'ephor', 'limit', 'yoofs', 'yoker')"
foyer,"('tamal', 'envoi', 'ephor', 'glums', 'yours', 'yoker')"
foyer,"('clamp', 'exert', 'error', 'whizz', 'roofs', 'yoker')"
frail,"('wootz', 'ickle', 'rugal', 'necks', 'aryls', 'armil')"
frail,"('mosso', 'azurn', 'ictal', 'evoke', 'arefy', 'argil')"
frail,"('kudzu', 'incle', 'rotal', 'snogs', 'aryls', 'argil')"
fried,"('gusts', 'emery', 'rabid', 'pouks', 'droil', 'irked')"
fried,"('xylyl', 'runds', 'rapid', 'glass', 'droit', 'irked')"
fried,"('munch', 'exert', 'rorid', 'slyly', 'draff', 'irked')"
front,"('xylyl', 'ousts', 'repot', 'yukes', 'triff', 'orant')"
front,"('bucku', 'typos', 'overt', 'saugh', 'triol', 'orant')"
front,"('syphs', 'rumor', 'overt', 'sculp', 'triff', 'orant')"
furor,"('gnawn', 'risus', 'recur', 'xylyl', 'outro', 'rumor')"
furor,"('vagal', 'usurp', 'recur', 'bizzy', 'outro', 'rumor')"
furor,"('bings', 'redux', 'occur', 'pappy', 'outro', 'rumor')"
fussy,"('threw', 'scoug', 'unify', 'thali', 'sulfa', 'sudsy')"
fussy,"('weber', 'scaff', 'unify', 'phpht', 'sulfo', 'sudsy')"
fussy,"('mezze', 'shrub', 'unify', 'potto', 'sulfa', 'sudsy')"
gamer,"('fixit', 'rough', 'eskar', 'notch', 'rangy', 'mazer')"
gamer,"('fixit', 'adorn', 'mylar', 'kitul', 'mawrs', 'macer')"
gamer,"('phpht', 'elegy', 'minar', 'kudzu', 'macro', 'maser')"
gamut,"('skyfs', 'tepal', 'morat', 'ceili', 'tangi', 'mazut')"
gamut,"('perce', 'milty', 'unhat', 'boffo', 'masts', 'mazut')"
gamut,"('xylyl', 'thegn', 'morat', 'seely', 'taigs', 'mazut')"
gawky,"('enter', 'amigo', 'wedgy', 'slojd', 'kaugh', 'wanky')"
gawky,"('hello', 'ydrad', 'azygy', 'quipu', 'wangs', 'wacky')"
gawky,"('verts', 'amigo', 'wedgy', 'bezel', 'waugh', 'wacky')"
gayer,"('hokku', 'expat', 'escar', 'omovs', 'rangi', 'yarer')"
gayer,"('phlox', 'emure', 'escar', 'choon', 'rangi', 'yarer')"
gayer,"('kloof', 'azurn', 'embar', 'pipit', 'yaars', 'yarer')"
genie,"('roupy', 'naked', 'imine', 'zambo', 'nebel', 'newie')"
genie,"('burqa', 'iched', 'eloge', 'brays', 'neves', 'newie')"
genie,"('tubby', 'ikans', 'eloge', 'zooks', 'neper', 'newie')"
gipsy,"('uncut', 'skags', 'slopy', 'labra', 'siege', 'pissy')"
gipsy,"('cwtch', 'smaik', 'soupy', 'vroom', 'singe', 'pissy')"
gipsy,"('uhuru', 'stein', 'soapy', 'flank', 'simps', 'pissy')"
given,"('mumsy', 'ethne', 'eloin', 'loops', 'virga', 'vixen')"
given,"('bully', 'emend', 'eosin', 'phpht', 'virga', 'vixen')"
given,"('psych', 'vulgo', 'ettin', 'ratas', 'virga', 'vixen')"
giver,"('caboc', 'exert', 'eyrir', 'kudzu', 'rings', 'viler')"
giver,"('kotow', 'rupia', 'eyrir', 'lunts', 'rings', 'viler')"
giver,"('clubs', 'rakia', 'eyrir', 'salad', 'vitro', 'viner')"
glare,"('compo', 'exeat', 'aisle', 'sumph', 'elegy', 'alure')"
glare,"('stonn', 'ephah', 'abele', 'immix', 'aldea', 'alure')"
glare,"('xysts', 'lilac', 'longe', 'fubsy', 'almeh', 'alure')"
glean,"('totty', 'abcee', 'ashen', 'quipu', 'aldea', 'elvan')"
glean,"('cippi', 'nowls', 'lumen', 'hucks', 'alder', 'elvan')"
glean,"('phpht', 'ludes', 'liken', 'sists', 'elogy', 'elvan')"
glove,"('curch', 'objet', 'veale', 'skyfs', 'olden', 'olive')"
glove,"('sassy', 'outgo', 'verge', 'cubby', 'elbow', 'olive')"
glove,"('hamza', 'estop', 'verge', 'fubby', 'olden', 'olive')"
godly,"('buchu', 'divot', 'leady', 'waffs', 'dongs', 'dooly')"
godly,"('tuktu', 'dargs', 'decoy', 'hakas', 'dohyo', 'doily')"
godly,"('snack', 'depot', 'durgy', 'immix', 'dohyo', 'dowly')"
golly,"('meses', 'yapok', 'lingy', 'treif', 'lough', 'lowly')"
golly,"('mists', 'oxeye', 'lurgy', 'wasps', 'longa', 'lowly')"
golly,"('pikis', 'oxeye', 'lurgy', 'hasta', 'longa', 'lowly')"
gonad,"('bruit', 'decos', 'aland', 'twirl', 'dodgy', 'nomad')"
gonad,"('pipit', 'arene', 'allod', 'buzzy', 'downs', 'nomad')"
gonad,"('teeth', 'acidy', 'allod', 'urubu', 'downs', 'nomad')"
goner,"('kutch', 'naira', 'error', 'flyby', 'rownd', 'noser')"
goner,"('immit', 'napoo', 'error', 'xylyl', 'rough', 'noser')"
goner,"('fuffy', 'elbow', 'nidor', 'chavs', 'roans', 'noter')"
gorge,"('tanti', 'ryper', 'ombre', 'aumil', 'rohes', 'rouge')"
gorge,"('nimbs', 'razor', 'ochre', 'xylyl', 'rowed', 'rouge')"
gorge,"('tacky', 'oiled', 'ombre', 'tilly', 'roneo', 'rouge')"
grade,"('pluck', 'abbes', 'afore', 'minny', 'arret', 'arede')"
grade,"('klick', 'doven', 'deere', 'phpht', 'dryas', 'arede')"
grade,"('yuzus', 'romeo', 'antre', 'oncus', 'ariel', 'arede')"
grail,"('phpht', 'abord', 'ileal', 'bossy', 'aryls', 'armil')"
grail,"('butut', 'ancle', 'royal', 'mento', 'aryls', 'armil')"
grail,"('buchu', 'addle', 'rotal', 'scope', 'aryls', 'armil')"
grate,"('nymph', 'rokes', 'twire', 'wombs', 'truer', 'arete')"
grate,"('pumps', 'thirl', 'abore', 'coxib', 'arked', 'arete')"
grate,"('zombi', 'appel', 'there', 'ducks', 'tryer', 'arete')"
green,"('spick', 'eland', 'enurn', 'mythy', 'erugo', 'erven')"
green,"('aflaj', 'emirs', 'enurn', 'phpht', 'erugo', 'erven')"
green,"('myths', 'naira', 'enurn', 'lasso', 'erugo', 'erven')"
groin,"('selle', 'idiom', 'inurn', 'jasps', 'orant', 'orpin')"
groin,"('blush', 'idiom', 'rewon', 'paska', 'orant', 'orcin')"
groin,"('fuffs', 'idiom', 'rewon', 'xylyl', 'orant', 'orpin')"
grunt,"('hyphy', 'riata', 'rebut', 'codes', 'trogs', 'urent')"
grunt,"('hyphy', 'roots', 'recut', 'flisk', 'tragi', 'urent')"
grunt,"('kliks', 'nowty', 'rebut', 'oomph', 'tragi', 'urent')"
gulch,"('ejido', 'hoyle', 'laigh', 'tides', 'lungs', 'luach')"
gulch,"('dobro', 'cecum', 'laigh', 'nasty', 'cushy', 'lunch')"
gulch,"('towzy', 'umphs', 'laigh', 'snipy', 'lunge', 'lurch')"
guppy,"('fixit', 'plays', 'pongy', 'exits', 'pudge', 'purpy')"
guppy,"('cwtch', 'pique', 'podgy', 'looks', 'punga', 'purpy')"
guppy,"('zezes', 'pikul', 'podgy', 'cwtch', 'punga', 'purpy')"
gusty,"('clock', 'shags', 'tipsy', 'kahal', 'surge', 'suety')"
gusty,"('pence', 'shags', 'towsy', 'rared', 'tulsi', 'suety')"
gusty,"('bleed', 'trass', 'towsy', 'bipod', 'tulsi', 'suety')"
happy,"('grufe', 'abohm', 'pithy', 'drere', 'pacha', 'paspy')"
happy,"('merer', 'podal', 'pithy', 'crock', 'pacha', 'paspy')"
happy,"('oxbow', 'aruhe', 'pithy', 'nould', 'pacha', 'paspy')"
hardy,"('jukus', 'ybore', 'aggry', 'filii', 'yacht', 'randy')"
hardy,"('quill', 'abohm', 'resay', 'snook', 'yacht', 'randy')"
hardy,"('quill', 'abohm', 'decay', 'cinqs', 'ratha', 'randy')"
harpy,"('lolog', 'awarn', 'pithy', 'bucku', 'padre', 'raspy')"
harpy,"('glogg', 'antra', 'azury', 'bifid', 'rache', 'raspy')"
harpy,"('kibbi', 'ancho', 'relay', 'jugum', 'ratha', 'raspy')"
haste,"('jomon', 'tichy', 'telae', 'unkid', 'saver', 'saute')"
haste,"('gonof', 'twyer', 'telae', 'mimic', 'sabha', 'saute')"
haste,"('poopy', 'triad', 'telae', 'kukri', 'tacet', 'saute')"
hasty,"('pongo', 'sidas', 'scray', 'junco', 'tawse', 'salty')"
hasty,"('indow', 'squab', 'spray', 'belie', 'tache', 'salty')"
hasty,"('frizz', 'skean', 'towsy', 'filmi', 'sadhu', 'salty')"
hater,"('flung', 'rorty', 'escar', 'globi', 'takhi', 'taber')"
hater,"('pippy', 'equal', 'embar', 'doggo', 'rants', 'tawer')"
hater,"('cocco', 'rifty', 'eskar', 'plump', 'eagre', 'taber')"
hefty,"('namma', 'tutee', 'edify', 'zoppo', 'terfs', 'felty')"
hefty,"('bajan', 'fichu', 'foley', 'rubin', 'terfe', 'festy')"
hefty,"('gonad', 'tupek', 'tichy', 'mucor', 'terfe', 'festy')"
heron,"('bubby', 'exert', 'raven', 'yclad', 'reins', 'redon')"
heron,"('flyby', 'emure', 'oaken', 'lassu', 'reins', 'redon')"
heron,"('quick', 'every', 'often', 'tical', 'reans', 'redon')"
hobby,"('panda', 'bigot', 'bushy', 'tilak', 'boche', 'booby')"
hobby,"('filii', 'ortho', 'bushy', 'jawan', 'boche', 'booby')"
hobby,"('twirl', 'banya', 'bushy', 'purls', 'boche', 'booby')"
holly,"('virid', 'ouphs', 'lathy', 'gaped', 'loche', 'lowly')"
holly,"('zaman', 'light', 'lushy', 'samba', 'loche', 'lowly')"
holly,"('timid', 'labor', 'lushy', 'ideas', 'loche', 'lowly')"
homer,"('datal', 'every', 'error', 'bucku', 'roshi', 'moner')"
homer,"('scand', 'exurb', 'milor', 'paisa', 'moory', 'mover')"
homer,"('cusps', 'magot', 'error', 'linin', 'moory', 'mower')"
horde,"('xylyl', 'rumor', 'rache', 'fluff', 'roshi', 'ronde')"
horde,"('picky', 'raxes', 'outre', 'nagas', 'rover', 'ronde')"
horde,"('lumpy', 'dived', 'deare', 'slyly', 'doges', 'ronde')"
horse,"('mangy', 'ricer', 'sware', 'guqin', 'sooey', 'rouse')"
horse,"('izzat', 'enjoy', 'ruche', 'bania', 'roped', 'roose')"
horse,"('zuzim', 'snark', 'owche', 'pinup', 'sooey', 'roose')"
hotel,"('cruck', 'emits', 'taxol', 'mania', 'lofty', 'towel')"
hotel,"('mucid', 'eagle', 'enrol', 'dings', 'lofts', 'towel')"
hotel,"('pippy', 'taboo', 'enrol', 'kudzu', 'lochs', 'towel')"
hotly,"('jinni', 'labor', 'lusty', 'peage', 'tophe', 'tolly')"
hotly,"('undug', 'oasts', 'tichy', 'eagre', 'tophe', 'tolly')"
hotly,"('fundi', 'taroc', 'tepoy', 'breem', 'loots', 'tolly')"
hovel,"('dufus', 'embog', 'enrol', 'dukka', 'voila', 'vowel')"
hovel,"('bubas', 'eight', 'enrol', 'pikis', 'vozhd', 'vowel')"
hovel,"('crypt', 'ennog', 'eusol', 'wuxia', 'voila', 'voxel')"
hover,"('quack', 'enjoy', 'visor', 'bucks', 'vozhd', 'vower')"
hover,"('fungi', 'ratos', 'error', 'xylyl', 'vozhd', 'vomer')"
hover,"('fuffy', 'ennog', 'vizor', 'quack', 'voars', 'vomer')"
howdy,"('first', 'wagyu', 'decoy', 'vicar', 'womyn', 'woody')"
howdy,"('levee', 'drawn', 'dishy', 'jugum', 'docht', 'woody')"
howdy,"('gulag', 'devon', 'dishy', 'kappa', 'docht', 'woody')"
humor,"('blitz', 'revue', 'odour', 'papaw', 'rukhs', 'mucor')"
humor,"('levee', 'right', 'odour', 'vices', 'musha', 'mucor')"
humor,"('beget', 'miaul', 'odour', 'vegas', 'rushy', 'mucor')"
humus,"('gynny', 'urase', 'moths', 'bocca', 'sushi', 'mucus')"
humus,"('gyppy', 'slime', 'moths', 'kynde', 'subha', 'mucus')"
humus,"('known', 'merse', 'maths', 'xylyl', 'sushi', 'mucus')"
husky,"('talma', 'sieur', 'sophy', 'pined', 'sughs', 'sucky')"
husky,"('timbo', 'sechs', 'karsy', 'peeve', 'sughs', 'sulky')"
husky,"('ceded', 'sight', 'sophy', 'relit', 'subha', 'sulky')"
hussy,"('jinni', 'strum', 'sophy', 'cleek', 'subha', 'sudsy')"
hussy,"('elven', 'sight', 'sophy', 'dearn', 'subha', 'sudsy')"
hussy,"('excel', 'strum', 'sophy', 'jinni', 'subha', 'sudsy')"
irate,"('ghyll', 'token', 'rudie', 'shush', 'arses', 'arete')"
irate,"('snush', 'towel', 'aggie', 'muggy', 'arced', 'arete')"
irate,"('vughy', 'eloin', 'aspie', 'wolly', 'arced', 'arete')"
jerky,"('tofus', 'rawer', 'kiley', 'pipul', 'redye', 'reeky')"
jerky,"('sigil', 'rouen', 'emery', 'cwtch', 'yeard', 'reeky')"
jerky,"('cutch', 'roger', 'kiley', 'logos', 'yeard', 'reeky')"
juror,"('kydst', 'uhuru', 'regur', 'waken', 'ouija', 'rumor')"
juror,"('pappy', 'oncus', 'regur', 'kibbi', 'outro', 'rumor')"
juror,"('hinky', 'ultra', 'odour', 'lance', 'ruers', 'rumor')"
kappa,"('huffy', 'atoke', 'abaka', 'icing', 'paras', 'pampa')"
kappa,"('heyed', 'pical', 'punka', 'gobbo', 'parks', 'pampa')"
kappa,"('whins', 'petal', 'pucka', 'boffo', 'parky', 'pampa')"
kitty,"('jugum', 'tawie', 'tocky', 'baels', 'yirks', 'tinty')"
kitty,"('mezze', 'topic', 'talky', 'hudud', 'yirks', 'tinty')"
kitty,"('gombo', 'their', 'talky', 'slade', 'ticks', 'tinty')"
kneed,"('frump', 'ehing', 'eland', 'zocco', 'ensky', 'ended')"
kneed,"('pygmy', 'durns', 'eland', 'cwtch', 'enoki', 'ended')"
kneed,"('phpht', 'ducks', 'eland', 'cymas', 'enoki', 'ended')"
label,"('scoop', 'emule', 'ethal', 'infix', 'early', 'bagel')"
label,"('zizit', 'booay', 'ahull', 'downs', 'easle', 'bagel')"
label,"('crunk', 'exile', 'atoll', 'hyphy', 'bawls', 'bagel')"
laden,"('cocks', 'ahull', 'diwan', 'gyppy', 'nabla', 'daven')"
laden,"('forby', 'expat', 'diwan', 'chuck', 'damns', 'daven')"
laden,"('civvy', 'azans', 'dogan', 'ficos', 'daunt', 'dawen')"
lager,"('niffy', 'abord', 'escar', 'fouth', 'gault', 'gazer')"
lager,"('pocks', 'adult', 'embar', 'whizz', 'ranga', 'gayer')"
lager,"('whomp', 'rubli', 'eskar', 'womby', 'rangy', 'gater')"
lanky,"('butut', 'addle', 'noily', 'withe', 'yawls', 'narky')"
lanky,"('begem', 'adult', 'noily', 'whips', 'yawns', 'narky')"
lanky,"('cuvee', 'afald', 'agony', 'phpht', 'kains', 'narky')"
lapel,"('immix', 'poulp', 'ethal', 'whins', 'earls', 'panel')"
lapel,"('tifos', 'adult', 'poral', 'union', 'pails', 'panel')"
lapel,"('moobs', 'exile', 'ahull', 'wormy', 'eagle', 'panel')"
lapse,"('tuktu', 'snyes', 'sidle', 'mouth', 'paolo', 'passe')"
lapse,"('boffo', 'pized', 'argle', 'gitch', 'sault', 'passe')"
lapse,"('zinky', 'pohed', 'setae', 'donut', 'saxes', 'pause')"
large,"('phpht', 'rower', 'ruble', 'minos', 'gaily', 'range')"
large,"('booby', 'guilt', 'goyle', 'wudus', 'rases', 'range')"
large,"('tutti', 'ephah', 'roble', 'dibbs', 'races', 'range')"
later,"('huffy', 'evite', 'eggar', 'cocco', 'taals', 'tamer')"
later,"('poppy', 'enure', 'escar', 'cocos', 'taira', 'tamer')"
later,"('kombu', 'edile', 'eggar', 'duchy', 'rawly', 'taser')"
lathe,"('knurr', 'hoots', 'ample', 'giddy', 'tabla', 'tache')"
lathe,"('gyppo', 'tuber', 'aisle', 'jiffs', 'tamed', 'tache')"
lathe,"('fungi', 'homey', 'arete', 'skoff', 'hades', 'tache')"
latte,"('hokku', 'afald', 'angle', 'jimpy', 'taver', 'taste')"
latte,"('jimmy', 'awner', 'thole', 'chimo', 'tauld', 'taste')"
latte,"('kibbi', 'typey', 'angle', 'commo', 'tared', 'taste')"
layer,"('oggin', 'exert', 'escar', 'chico', 'yauld', 'yarer')"
layer,"('fusks', 'yojan', 'embar', 'phpht', 'yaird', 'yager')"
layer,"('titch', 'anglo', 'eskar', 'woods', 'yauld', 'yarer')"
lefty,"('audad', 'thilk', 'fonly', 'musha', 'terfe', 'festy')"
lefty,"('piing', 'foxed', 'truly', 'sansa', 'yealm', 'festy')"
lefty,"('apaid', 'emule', 'fogey', 'quoin', 'terfe', 'festy')"
legal,"('motty', 'asses', 'ariel', 'bucku', 'gerle', 'genal')"
legal,"('skyfs', 'aioli', 'ahull', 'burin', 'gerle', 'genal')"
legal,"('jumby', 'ashed', 'appel', 'twixt', 'gerle', 'genal')"
lemon,"('guppy', 'ovoli', 'oaken', 'cwtch', 'merle', 'meson')"
lemon,"('biccy', 'ovolo', 'often', 'graph', 'medle', 'meson')"
lemon,"('aigas', 'muted', 'oaken', 'chirt', 'meiny', 'meson')"
liner,"('vodou', 'exert', 'eyrir', 'moups', 'rials', 'niger')"
liner,"('buppy', 'egers', 'nadir', 'kapow', 'nitro', 'nixer')"
liner,"('puffy', 'rosit', 'nadir', 'mutts', 'eigne', 'nicer')"
liver,"('buchu', 'vomit', 'eyrir', 'cants', 'vials', 'viner')"
liver,"('butch', 'easle', 'eyrir', 'podgy', 'viold', 'viper')"
liver,"('chuff', 'inorb', 'eyrir', 'chuts', 'vials', 'viper')"
lobby,"('cinct', 'buhls', 'badly', 'frugs', 'bogle', 'booby')"
lobby,"('track', 'build', 'onely', 'gimps', 'bowls', 'booby')"
lobby,"('thigh', 'yealm', 'burly', 'devas', 'bowls', 'booby')"
local,"('tuktu', 'angle', 'cymol', 'sieur', 'coils', 'cowal')"
local,"('weeke', 'adult', 'cymol', 'biggs', 'coils', 'coral')"
local,"('tuktu', 'angle', 'cymol', 'vivid', 'cowls', 'coral')"
locus,"('hyphy', 'caxon', 'ciels', 'ditzy', 'coost', 'comus')"
locus,"('tazza', 'skell', 'obols', 'mirid', 'copsy', 'conus')"
locus,"('fixit', 'shack', 'odyls', 'zazen', 'sowle', 'comus')"
lofty,"('bumph', 'tails', 'oddly', 'newed', 'fogle', 'forty')"
lofty,"('iambi', 'throw', 'onely', 'kudzu', 'fools', 'footy')"
lofty,"('amaze', 'tigon', 'truly', 'auris', 'yoofs', 'footy')"
lorry,"('chuck', 'ovoli', 'onely', 'exine', 'yowls', 'roary')"
lorry,"('undug', 'oboli', 'reply', 'abuna', 'rotls', 'roary')"
lorry,"('civic', 'yupon', 'refly', 'chant', 'rotls', 'roary')"
loser,"('humph', 'scald', 'error', 'umiaq', 'soily', 'sorer')"
loser,"('bumph', 'endow', 'savor', 'thaim', 'soily', 'soger')"
loser,"('jugum', 'sharn', 'error', 'pucka', 'soily', 'sorer')"
lover,"('swang', 'otary', 'vigor', 'jaups', 'rouls', 'vower')"
lover,"('fucks', 'eagle', 'ephor', 'casus', 'roily', 'vomer')"
lover,"('chynd', 'ratoo', 'visor', 'gushy', 'voulu', 'vomer')"
lower,"('jazzy', 'emerg', 'error', 'unpin', 'rotls', 'woker')"
lower,"('aguna', 'every', 'ephor', 'dixit', 'wools', 'wooer')"
lower,"('jaffa', 'emule', 'ephor', 'dauts', 'roily', 'wooer')"
lunge,"('chook', 'etens', 'gwine', 'rooms', 'guana', 'nudge')"
lunge,"('mommy', 'erhus', 'gwine', 'skyrs', 'guana', 'nudge')"
lunge,"('cwtch', 'gayly', 'grone', 'chaco', 'gusli', 'nudge')"
lupus,"('eeven', 'soapy', 'pirls', 'gynie', 'sumph', 'pudus')"
lupus,"('emend', 'sigla', 'pools', 'cwtch', 'pursy', 'pukus')"
lupus,"('nicht', 'pagle', 'pools', 'renay', 'surly', 'pukus')"
lusty,"('ravin', 'troll', 'swaly', 'anear', 'tuism', 'suety')"
lusty,"('probe', 'swoln', 'shaly', 'proin', 'tuism', 'suety')"
lusty,"('oxbow', 'sprug', 'sadly', 'mower', 'tuism', 'suety')"
madly,"('freet', 'divas', 'anomy', 'chuck', 'labda', 'dally')"
madly,"('bubbe', 'logan', 'acidy', 'phpht', 'yards', 'dally')"
madly,"('jeeze', 'lowan', 'atimy', 'chuff', 'lards', 'dally')"
mafia,"('gyppy', 'aquae', 'aroma', 'bouks', 'favas', 'facia')"
mafia,"('tepee', 'annal', 'aboma', 'duddy', 'favas', 'facia')"
mafia,"('hyphy', 'aread', 'aboma', 'vuggs', 'fatal', 'facia')"
mangy,"('viers', 'alone', 'atimy', 'rello', 'gaums', 'naggy')"
mangy,"('tuktu', 'gerah', 'goony', 'topee', 'gains', 'naggy')"
mangy,"('pheer', 'aland', 'atomy', 'bucku', 'gains', 'naggy')"
manic,"('gyppy', 'chemo', 'iliac', 'bowse', 'caums', 'naric')"
manic,"('dweeb', 'coons', 'iliac', 'fuggy', 'natch', 'naric')"
manic,"('pesky', 'coomb', 'adunc', 'fubby', 'natch', 'naric')"
manor,"('fully', 'ochre', 'ottar', 'vivid', 'rawns', 'nagor')"
manor,"('pluff', 'rheme', 'oscar', 'sweed', 'rainy', 'nagor')"
manor,"('zippy', 'ollav', 'ottar', 'deked', 'naams', 'nagor')"
maple,"('butch', 'lifer', 'azyme', 'donko', 'paves', 'pagle')"
maple,"('bubby', 'added', 'potae', 'winch', 'laxes', 'parle')"
maple,"('bundh', 'pyrex', 'loipe', 'binds', 'laces', 'pagle')"
mason,"('eched', 'spray', 'sugan', 'fluky', 'saims', 'salon')"
mason,"('vivid', 'abamp', 'skean', 'grrrl', 'saunt', 'sayon')"
mason,"('flick', 'awash', 'sedan', 'bevvy', 'saunt', 'sayon')"
masse,"('broch', 'anima', 'steme', 'kudzu', 'savey', 'salse')"
masse,"('piing', 'aboma', 'strae', 'yukky', 'safed', 'salse')"
masse,"('thing', 'eupad', 'azyme', 'cocco', 'saber', 'salse')"
medal,"('kight', 'looey', 'appel', 'stroy', 'derms', 'decal')"
medal,"('wootz', 'lifer', 'dynel', 'hocus', 'leuds', 'decal')"
medal,"('booth', 'exude', 'ariel', 'gyppy', 'lends', 'decal')"
melee,"('hyphy', 'exult', 'eagle', 'crick', 'leams', 'levee')"
melee,"('fubby', 'loams', 'ettle', 'cirri', 'leams', 'levee')"
melee,"('gungy', 'eorls', 'exile', 'phpht', 'leams', 'levee')"
mercy,"('unpin', 'exome', 'cagey', 'talak', 'yelms', 'reccy')"
mercy,"('pluff', 'yiked', 'cosey', 'wuxia', 'yearn', 'reccy')"
mercy,"('hudud', 'riles', 'cozey', 'alaap', 'regma', 'reccy')"
merit,"('chuck', 'enema', 'rozet', 'gyppy', 'teers', 'refit')"
merit,"('puggy', 'indew', 'roset', 'lolly', 'reame', 'relit')"
merit,"('bundh', 'ivory', 'islet', 'pushy', 'tetra', 'recit')"
merry,"('gibli', 'races', 'enemy', 'zoppo', 'redye', 'retry')"
merry,"('bunch', 'roked', 'riley', 'tondi', 'reams', 'refry')"
merry,"('twank', 'rivel', 'ropey', 'buchu', 'redye', 'refry')"
metal,"('choir', 'exeme', 'angel', 'fubby', 'lests', 'tepal')"
metal,"('cirri', 'adzed', 'angel', 'hooky', 'lefts', 'tepal')"
metal,"('urubu', 'asyla', 'towel', 'scoop', 'lenti', 'tepal')"
midge,"('buchu', 'dolma', 'gryde', 'conns', 'gites', 'dinge')"
midge,"('bahut', 'goxes', 'glede', 'cocco', 'dicer', 'dinge')"
midge,"('cocks', 'duped', 'glade', 'jazzy', 'dited', 'dirge')"
milky,"('strut', 'lepid', 'icily', 'whoof', 'kibla', 'linky')"
milky,"('puffa', 'kojis', 'icily', 'butes', 'yield', 'linky')"
milky,"('crwth', 'kufis', 'loamy', 'porta', 'yield', 'linky')"
mince,"('abaya', 'clump', 'cerne', 'wootz', 'nixes', 'niece')"
mince,"('sooks', 'clamp', 'cutie', 'aghas', 'cider', 'niece')"
mince,"('foots', 'champ', 'nudie', 'xylyl', 'niger', 'niece')"
miner,"('bluff', 'evens', 'nadir', 'whoop', 'nitry', 'nicer')"
miner,"('fluff', 'rojis', 'nazir', 'hooky', 'nitry', 'niger')"
miner,"('cocky', 'eevns', 'nazir', 'bluff', 'eigne', 'niter')"
minor,"('gyppy', 'rhumb', 'nazir', 'sepad', 'nitre', 'nidor')"
minor,"('skyfs', 'rhumb', 'nazir', 'waugh', 'nitre', 'nidor')"
minor,"('hulks', 'regie', 'nazir', 'hakas', 'nitry', 'nidor')"
minty,"('cluck', 'trone', 'tawny', 'scald', 'tians', 'nitty')"
minty,"('chowk', 'trump', 'teeny', 'lacks', 'tians', 'nifty')"
minty,"('elope', 'iring', 'thymy', 'kudzu', 'tians', 'nifty')"
minus,"('hyphy', 'stond', 'nelis', 'heare', 'signa', 'nisus')"
minus,"('crypt', 'swang', 'nelis', 'lawed', 'sixmo', 'nisus')"
minus,"('glyph', 'ureic', 'nazis', 'argol', 'sixmo', 'nidus')"
miser,"('thoft', 'spurs', 'eyrir', 'chott', 'sigma', 'siker')"
miser,"('chuck', 'exome', 'eyrir', 'gabby', 'sigma', 'sider')"
miser,"('thunk', 'radii', 'eyrir', 'bongo', 'sixmo', 'sizer')"
modal,"('niffs', 'apple', 'argol', 'chuck', 'doomy', 'dotal')"
modal,"('fishy', 'argle', 'apiol', 'neeze', 'doums', 'dotal')"
modal,"('cubeb', 'anyon', 'apiol', 'birks', 'dorms', 'dotal')"
model,"('kacha', 'ergot', 'eusol', 'girns', 'doily', 'dowel')"
model,"('parka', 'exeme', 'eusol', 'wiggy', 'doily', 'dowel')"
model,"('pight', 'exuls', 'enrol', 'babka', 'doomy', 'dowel')"
molar,"('tenth', 'accoy', 'ardor', 'quipu', 'rooms', 'lobar')"
molar,"('deked', 'oxims', 'actor', 'syncs', 'loury', 'lobar')"
molar,"('cwtch', 'anura', 'livor', 'kedge', 'rooms', 'lobar')"
moldy,"('cwtch', 'duple', 'daily', 'rawns', 'dooms', 'lordy')"
moldy,"('pakka', 'oculi', 'onely', 'twaes', 'yowls', 'lordy')"
moldy,"('phpht', 'ovoli', 'decoy', 'ceria', 'loams', 'lordy')"
moral,"('weepy', 'anima', 'aldol', 'dunce', 'rouls', 'rotal')"
moral,"('pecke', 'azury', 'aldol', 'gypsy', 'roils', 'rotal')"
moral,"('snick', 'afara', 'aldol', 'puppy', 'rowme', 'rotal')"
motel,"('qajaq', 'lists', 'enrol', 'bucku', 'lofty', 'towel')"
motel,"('nanna', 'thump', 'triol', 'kuris', 'tooms', 'towel')"
motel,"('fuffy', 'evhoe', 'taxol', 'rigid', 'tooms', 'towel')"
mover,"('qajaq', 'elbow', 'ephor', 'nuddy', 'rooms', 'voter')"
mover,"('biddy', 'ennog', 'valor', 'finks', 'roums', 'voter')"
mover,"('hubby', 'endow', 'vigor', 'daunt', 'voars', 'voter')"
movie,"('pupus', 'objet', 'vehme', 'franc', 'voxel', 'vogie')"
movie,"('turrs', 'oaken', 'vehme', 'sunks', 'voled', 'vogie')"
movie,"('blabs', 'owner', 'vehme', 'fuzzy', 'voted', 'vogie')"
mower,"('gadid', 'enure', 'ephor', 'xylyl', 'rooms', 'wooer')"
mower,"('kicky', 'ennog', 'error', 'hadal', 'roums', 'wooer')"
mower,"('kitul', 'enemy', 'ephor', 'sukhs', 'roams', 'wooer')"
mural,"('xysts', 'appui', 'afoul', 'sekts', 'ruble', 'rugal')"
mural,"('dohyo', 'acers', 'annul', 'bosky', 'rubli', 'rugal')"
mural,"('hikoi', 'acyls', 'awful', 'wootz', 'ruble', 'rugal')"
musty,"('addax', 'trout', 'thymy', 'cliff', 'tulsi', 'suety')"
musty,"('allee', 'sooms', 'swamy', 'iring', 'tulsi', 'suety')"
musty,"('whoof', 'sdayn', 'slimy', 'blini', 'turme', 'suety')"
nasty,"('dubbo', 'scram', 'shiny', 'jiber', 'tawse', 'salty')"
nasty,"('loped', 'avise', 'agony', 'erugo', 'taunt', 'salty')"
nasty,"('creek', 'apayd', 'towsy', 'jugum', 'taint', 'salty')"
nerdy,"('bobol', 'ethne', 'dicey', 'jugum', 'reens', 'ready')"
nerdy,"('pluff', 'rotes', 'dicey', 'casco', 'regna', 'reddy')"
nerdy,"('chick', 'doped', 'every', 'butut', 'yeans', 'reddy')"
nerve,"('bluff', 'rages', 'royne', 'phpht', 'remex', 'reive')"
nerve,"('gibli', 'rawer', 'royne', 'mutch', 'redes', 'reeve')"
nerve,"('chuff', 'romeo', 'ragee', 'xylyl', 'redes', 'reive')"
newly,"('chich', 'luxer', 'looey', 'fribs', 'leans', 'welly')"
newly,"('cohog', 'ydred', 'limey', 'sauts', 'leans', 'wetly')"
newly,"('grump', 'yates', 'wifey', 'tucks', 'leone', 'welly')"
nicer,"('sabal', 'equid', 'choir', 'solas', 'eigne', 'citer')"
nicer,"('flump', 'ratch', 'eyrir', 'lavvy', 'cions', 'cider')"
nicer,"('pygmy', 'clunk', 'chair', 'abaft', 'cions', 'cider')"
noble,"('scars', 'ephod', 'ligne', 'divis', 'bowet', 'boule')"
noble,"('mauds', 'lated', 'opine', 'shirt', 'bores', 'boule')"
noble,"('fixit', 'lazed', 'ohone', 'gyppy', 'lowes', 'boule')"
nosey,"('whiff', 'scans', 'stroy', 'faqir', 'young', 'sooey')"
nosey,"('hutch', 'eking', 'savoy', 'galut', 'sownd', 'sooey')"
nosey,"('graip', 'slant', 'shiny', 'primi', 'sound', 'sooey')"
notch,"('fizzy', 'taxor', 'cheth', 'irids', 'tophs', 'touch')"
notch,"('blaud', 'cysts', 'cheth', 'zaxes', 'hoing', 'torch')"
notch,"('kappa', 'hying', 'cheth', 'klaps', 'colts', 'torch')"
novel,"('bacca', 'emule', 'extol', 'gyppy', 'eorls', 'vowel')"
novel,"('phpht', 'early', 'eusol', 'kibbi', 'lownd', 'voxel')"
novel,"('swits', 'ephor', 'eusol', 'wrast', 'voila', 'vowel')"
nurse,"('dobby', 'sizel', 'shere', 'flitt', 'supra', 'russe')"
nurse,"('mitch', 'sales', 'spore', 'vital', 'sused', 'russe')"
nurse,"('phpht', 'sykes', 'soare', 'kiddo', 'ruing', 'russe')"
nutty,"('foods', 'urine', 'towny', 'jihad', 'yuans', 'tufty')"
nutty,"('bloom', 'teind', 'tawny', 'kippa', 'turns', 'tufty')"
nutty,"('gloop', 'teene', 'twiny', 'raxed', 'tuans', 'tufty')"
orbit,"('cadgy', 'beery', 'impot', 'smaze', 'brats', 'bruit')"
orbit,"('claps', 'ippon', 'blert', 'wheep', 'brats', 'bruit')"
orbit,"('xylyl', 'ippon', 'begot', 'chewy', 'brats', 'bruit')"
order,"('fuffy', 'evert', 'ephor', 'wacks', 'ergon', 'drier')"
order,"('jumps', 'dicot', 'razor', 'shuck', 'ergon', 'dryer')"
order,"('hazan', 'elbow', 'rumor', 'titty', 'ergos', 'dreer')"
outer,"('aging', 'emery', 'ephor', 'gamma', 'eusol', 'tuber')"
outer,"('playa', 'tabun', 'trior', 'sakis', 'eusol', 'tuyer')"
outer,"('gyppy', 'thirl', 'tabor', 'jalap', 'rusts', 'tuner')"
paddy,"('whizz', 'dotal', 'decay', 'moile', 'yaups', 'dandy')"
paddy,"('buchu', 'dropt', 'delay', 'immix', 'yawps', 'dandy')"
paddy,"('hollo', 'ducat', 'deray', 'kibbi', 'yawps', 'dandy')"
paler,"('hooky', 'aggri', 'lunar', 'sonic', 'lamps', 'laxer')"
paler,"('jugum', 'lohan', 'lidar', 'shoji', 'easle', 'lacer')"
paler,"('dinic', 'ewers', 'embar', 'biggy', 'raupo', 'lager')"
palsy,"('gizmo', 'shelf', 'stray', 'nixie', 'yauld', 'lassy')"
palsy,"('nohow', 'skell', 'lumpy', 'bifid', 'satyr', 'lassy')"
palsy,"('recce', 'liman', 'loopy', 'nieve', 'sault', 'lassy')"
panel,"('ducky', 'ahing', 'notal', 'jugum', 'lawns', 'navel')"
panel,"('huffy', 'aband', 'notal', 'sutor', 'nails', 'navel')"
panel,"('scugs', 'ezine', 'nodal', 'disci', 'larnt', 'navel')"
panic,"('woozy', 'cheat', 'iliac', 'vogue', 'camps', 'naric')"
panic,"('busby', 'agone', 'iliac', 'reses', 'natch', 'naric')"
panic,"('umbel', 'notch', 'ileac', 'joeys', 'caups', 'naric')"
parer,"('livid', 'exert', 'embar', 'cocco', 'raspy', 'razer')"
parer,"('woofy', 'rugal', 'embar', 'dolls', 'raird', 'raser')"
parer,"('juicy', 'rotas', 'embar', 'scudi', 'ralph', 'rawer')"
parse,"('widdy', 'soops', 'antre', 'buchu', 'sames', 'rasse')"
parse,"('ghyll', 'somas', 'stupe', 'fifth', 'sakes', 'raise')"
parse,"('botty', 'rugal', 'snipe', 'doubt', 'sames', 'rasse')"
party,"('bluff', 'rheas', 'aggry', 'cocco', 'yaird', 'ratty')"
party,"('commo', 'afara', 'aiery', 'blunk', 'yawps', 'ratty')"
party,"('hinge', 'tumps', 'today', 'imide', 'talpa', 'ratty')"
paste,"('lolog', 'symar', 'anise', 'oribi', 'sabes', 'saute')"
paste,"('groof', 'sixes', 'telae', 'booky', 'samey', 'saute')"
paste,"('cinch', 'syker', 'slope', 'dicky', 'sames', 'saute')"
pasty,"('which', 'subas', 'today', 'ferer', 'samps', 'salty')"
pasty,"('looed', 'amuse', 'tokay', 'vimen', 'tarsi', 'salty')"
pasty,"('infix', 'torso', 'tumpy', 'quiff', 'tawse', 'salty')"
patsy,"('urubu', 'sojas', 'seity', 'biner', 'salps', 'tansy')"
patsy,"('vexed', 'sloth', 'tripy', 'bucku', 'samps', 'tansy')"
patsy,"('bucku', 'somas', 'tripy', 'deeve', 'salts', 'tansy')"
patty,"('dinos', 'tical', 'today', 'rumor', 'taupe', 'tasty')"
patty,"('bussu', 'aliya', 'today', 'budge', 'taupe', 'tarty')"
patty,"('zocco', 'aleye', 'tumpy', 'whiff', 'tarps', 'tanty')"
payer,"('thigh', 'alkyd', 'embar', 'zocco', 'yaups', 'yarer')"
payer,"('ionic', 'asura', 'embar', 'kings', 'ralph', 'yarer')"
payer,"('fifth', 'award', 'embar', 'clock', 'yaups', 'yager')"
pedal,"('hokum', 'ainee', 'artel', 'grown', 'deeps', 'decal')"
pedal,"('yukky', 'erode', 'angel', 'kicks', 'deils', 'decal')"
pedal,"('fouth', 'dimly', 'angel', 'brith', 'lerps', 'decal')"
penal,"('busks', 'agony', 'allel', 'which', 'neele', 'neral')"
penal,"('booms', 'atilt', 'allel', 'kudzu', 'newly', 'neral')"
penal,"('kudzu', 'acing', 'allel', 'mythy', 'aeons', 'neral')"
perch,"('ninon', 'cubeb', 'ralph', 'taiko', 'hemps', 'reech')"
perch,"('snows', 'cubed', 'ralph', 'fixit', 'hempy', 'reach')"
perch,"('kinks', 'roger', 'ralph', 'jouks', 'hempy', 'retch')"
peril,"('hunky', 'immew', 'ratel', 'gnash', 'reels', 'reoil')"
peril,"('jugum', 'lyted', 'incel', 'booth', 'lears', 'reoil')"
peril,"('tabby', 'layed', 'rubel', 'goths', 'lehrs', 'reoil')"
perky,"('stich', 'roneo', 'rumpy', 'quods', 'yeard', 'reeky')"
perky,"('choux', 'kidel', 'emery', 'width', 'reaps', 'reeky')"
perky,"('blini', 'yourt', 'raspy', 'fasci', 'redye', 'reeky')"
pesto,"('canna', 'ouzel', 'torso', 'janny', 'tempi', 'sexto')"
pesto,"('glazy', 'sijos', 'torso', 'chuff', 'tenon', 'sexto')"
pesto,"('amuck', 'endow', 'torso', 'biffy', 'segol', 'sexto')"
petty,"('chaff', 'twier', 'tumpy', 'gobbo', 'yelps', 'tenty')"
petty,"('gazoo', 'yuked', 'tripy', 'salad', 'yelps', 'tenty')"
petty,"('kacha', 'ydred', 'tumpy', 'gobbi', 'yelps', 'testy')"
pilot,"('geese', 'ludic', 'oobit', 'margs', 'limpa', 'lirot')"
pilot,"('feeze', 'icily', 'inapt', 'hudud', 'timps', 'lirot')"
pilot,"('kyack', 'ovolo', 'legit', 'bundu', 'lifts', 'lirot')"
pithy,"('mvule', 'tabid', 'hooty', 'sloom', 'hints', 'tichy')"
pithy,"('bedew', 'yurta', 'hooty', 'cream', 'hints', 'tichy')"
pithy,"('ungod', 'talpa', 'hefty', 'karks', 'timps', 'tichy')"
plaid,"('zooms', 'lumpy', 'ahold', 'gynny', 'ileal', 'alcid')"
plaid,"('gurry', 'dumpy', 'acold', 'grots', 'aleph', 'algid')"
plaid,"('muntu', 'aryls', 'acold', 'ohone', 'ileal', 'algid')"
plain,"('skyfs', 'adult', 'leman', 'yesty', 'ilial', 'aloin')"
plain,"('revue', 'amyls', 'ingan', 'cwtch', 'iliad', 'aloin')"
plain,"('rummy', 'awdls', 'ingan', 'mousy', 'aleph', 'aloin')"
plane,"('kutch', 'abyes', 'neele', 'immix', 'alder', 'alone')"
plane,"('rucks', 'lymph', 'aizle', 'stobs', 'aldea', 'alone')"
plane,"('skyfs', 'luxed', 'novae', 'cotts', 'alter', 'aline')"
plead,"('thymy', 'agues', 'acold', 'bisks', 'albee', 'eliad')"
plead,"('boffo', 'annex', 'lysed', 'crwth', 'elude', 'eliad')"
plead,"('curny', 'asset', 'ahold', 'rosit', 'alapa', 'eliad')"
plier,"('habus', 'exert', 'eyrir', 'cocco', 'eldin', 'iller')"
plier,"('touch', 'ragis', 'eyrir', 'swoon', 'eldin', 'iller')"
plier,"('havoc', 'exuls', 'eyrir', 'yucko', 'elfin', 'iller')"
polar,"('muggy', 'anile', 'ardor', 'cwtch', 'roops', 'lobar')"
polar,"('dummy', 'anele', 'actor', 'whizz', 'loops', 'lobar')"
polar,"('finis', 'ochre', 'ardor', 'skeds', 'roupy', 'lobar')"
porch,"('gummi', 'henry', 'ralph', 'ungag', 'cowps', 'roach')"
porch,"('fizzy', 'resow', 'ralph', 'ungum', 'hoord', 'rotch')"
porch,"('zinky', 'rumor', 'ralph', 'weets', 'howre', 'rotch')"
poser,"('flawy', 'scapi', 'sutor', 'linga', 'roopy', 'sorer')"
poser,"('chynd', 'smurs', 'savor', 'nitid', 'roist', 'soler')"
poser,"('livid', 'sycon', 'sutor', 'witty', 'soars', 'soger')"
posse,"('wicky', 'embog', 'shape', 'admix', 'sorel', 'sonse')"
posse,"('bacca', 'shmek', 'snipe', 'gutty', 'soler', 'sowse')"
posse,"('biffy', 'salon', 'stupe', 'divna', 'sorer', 'sowse')"
power,"('vinyl', 'wharf', 'error', 'butut', 'romps', 'wooer')"
power,"('nimbi', 'waurs', 'error', 'build', 'woopy', 'wooer')"
power,"('zincy', 'embog', 'error', 'halal', 'roups', 'woker')"
preen,"('walla', 'noops', 'enurn', 'mythy', 'ering', 'erven')"
preen,"('thymy', 'roans', 'enurn', 'soils', 'ering', 'erven')"
preen,"('talls', 'rownd', 'enurn', 'fills', 'ering', 'erven')"
pride,"('skyfs', 'rutin', 'revie', 'bocks', 'droil', 'irade')"
pride,"('gynny', 'dules', 'dexie', 'hatch', 'droit', 'irade')"
pride,"('jugum', 'ethic', 'dovie', 'lammy', 'dryer', 'irade')"
pried,"('xylyl', 'runic', 'rabid', 'fugal', 'drops', 'irked')"
pried,"('bobby', 'egers', 'ranid', 'onlay', 'erupt', 'irked')"
pried,"('flyby', 'etude', 'izard', 'bants', 'drops', 'irked')"
prune,"('tolyl', 'raxes', 'umbre', 'alibi', 'urged', 'urine')"
prune,"('blaff', 'nomes', 'revue', 'cwtch', 'urged', 'urine')"
prune,"('tacky', 'rowed', 'revue', 'baccy', 'erhus', 'urine')"
pudgy,"('cwtch', 'demur', 'goldy', 'kabab', 'guids', 'dungy')"
pudgy,"('fowth', 'debud', 'gimpy', 'knack', 'gulps', 'durgy')"
pudgy,"('zorro', 'debye', 'glady', 'civic', 'yumps', 'dungy')"
purse,"('fatwa', 'shiel', 'roque', 'gynny', 'sumps', 'russe')"
purse,"('mythy', 'ricer', 'soare', 'jinni', 'rubel', 'russe')"
purse,"('matai', 'sykes', 'shope', 'comic', 'runed', 'russe')"
putty,"('eaved', 'yokul', 'tripy', 'hamal', 'yumps', 'tufty')"
putty,"('imine', 'toque', 'tripy', 'bibes', 'tulpa', 'tufty')"
putty,"('dench', 'yoops', 'tripy', 'jongs', 'tulpa', 'tufty')"
quail,"('hyphy', 'ictus', 'afoul', 'edged', 'lunar', 'aumil')"
quail,"('gyppy', 'istle', 'annul', 'choof', 'lunar', 'aumil')"
quail,"('crypt', 'ahold', 'uveal', 'shrow', 'lunas', 'aumil')"
quota,"('skyfs', 'avion', 'tegua', 'chick', 'tumor', 'outta')"
quota,"('myrrh', 'uncos', 'tegua', 'kibei', 'auloi', 'outta')"
quota,"('xylyl', 'onium', 'tegua', 'niner', 'tutor', 'outta')"
rabbi,"('sojus', 'apery', 'acari', 'mecks', 'bavin', 'bambi')"
rabbi,"('pulus', 'ixnay', 'acari', 'wowed', 'batik', 'bambi')"
rabbi,"('hunch', 'beers', 'aggri', 'poovy', 'batik', 'bambi')"
racer,"('ovolo', 'entry', 'eskar', 'built', 'cauri', 'caber')"
racer,"('kukus', 'adorn', 'chirr', 'xylyl', 'eagre', 'caver')"
racer,"('foods', 'eject', 'chirr', 'muzzy', 'capri', 'cager')"
radio,"('puffy', 'aware', 'dobro', 'senvy', 'dagos', 'danio')"
radio,"('cwtch', 'alure', 'impro', 'leggy', 'dagos', 'danio')"
radio,"('pushy', 'decry', 'appro', 'shtup', 'daurs', 'danio')"
rally,"('outgo', 'acerb', 'awmry', 'jinni', 'yaars', 'laxly')"
rally,"('bench', 'afara', 'loury', 'wench', 'laird', 'laxly')"
rally,"('binit', 'aggro', 'leery', 'chuck', 'yaars', 'laxly')"
ramen,"('huzzy', 'exeat', 'acorn', 'fuffs', 'mains', 'maven')"
ramen,"('phpht', 'alary', 'acorn', 'biffo', 'nairu', 'maven')"
ramen,"('cocco', 'alang', 'enurn', 'hyphy', 'mains', 'maven')"
ranch,"('dowdy', 'hulas', 'nikah', 'gyppy', 'cache', 'natch')"
ranch,"('xysts', 'copal', 'nikah', 'vivid', 'cache', 'nauch')"
ranch,"('oddly', 'agars', 'nikah', 'pokes', 'cache', 'natch')"
rapid,"('bombo', 'angry', 'plead', 'cwtch', 'daurs', 'pavid')"
rapid,"('cutty', 'dogan', 'plead', 'kooks', 'damps', 'pavid')"
rapid,"('mythy', 'pokal', 'award', 'bubbe', 'pands', 'pavid')"
raspy,"('vivid', 'alkyl', 'popsy', 'mutch', 'sabre', 'sappy')"
raspy,"('undug', 'sokah', 'aiery', 'theic', 'sabra', 'sappy')"
raspy,"('mooch', 'afire', 'antsy', 'kudzu', 'sabra', 'sappy')"
ratty,"('indie', 'tubae', 'today', 'socks', 'taira', 'tasty')"
ratty,"('jocko', 'telae', 'ambry', 'hudud', 'yaars', 'tanty')"
ratty,"('emove', 'afars', 'aggry', 'culch', 'yaird', 'tanty')"
rayon,"('thilk', 'aguna', 'ocean', 'piped', 'yawns', 'yapon')"
rayon,"('fitte', 'aland', 'awarn', 'jugum', 'yaars', 'yapon')"
rayon,"('skugs', 'alarm', 'ocean', 'dudes', 'naira', 'yapon')"
rebar,"('chowk', 'annex', 'aster', 'vivid', 'beery', 'belar')"
rebar,"('civic', 'antra', 'auger', 'hyphy', 'beers', 'belar')"
rebar,"('cocco', 'blues', 'awner', 'fixit', 'beery', 'begar')"
rebus,"('xylyl', 'unket', 'bowrs', 'pippy', 'sehri', 'beaus')"
rebus,"('jamon', 'blist', 'bokes', 'linch', 'beery', 'beaus')"
rebus,"('fitch', 'unked', 'egers', 'ovolo', 'beery', 'beaus')"
rebut,"('xylyl', 'biked', 'upset', 'coifs', 'bento', 'beaut')"
rebut,"('dowdy', 'thief', 'upjet', 'shola', 'belts', 'beaut')"
rebut,"('flick', 'toged', 'unset', 'dowds', 'beery', 'beaut')"
refer,"('zoppo', 'emirs', 'flurr', 'wootz', 'feart', 'feyer')"
refer,"('phpht', 'fibro', 'flurr', 'slobs', 'fears', 'feyer')"
refer,"('cwtch', 'enorm', 'flurr', 'vivid', 'fears', 'feyer')"
refit,"('dadah', 'emure', 'inset', 'zoppo', 'felty', 'fecit')"
refit,"('ghyll', 'ivied', 'fouet', 'sudds', 'tetra', 'fecit')"
refit,"('muggy', 'tozed', 'islet', 'sowms', 'feare', 'fecit')"
regal,"('ohmic', 'azygy', 'appel', 'butut', 'leers', 'genal')"
regal,"('jiffy', 'adult', 'appel', 'chowk', 'leers', 'genal')"
regal,"('cocco', 'apply', 'gibel', 'kudzu', 'lehrs', 'genal')"
rehab,"('glogg', 'acnes', 'exurb', 'pipit', 'beery', 'hejab')"
rehab,"('cliff', 'added', 'exurb', 'moppy', 'beths', 'hejab')"
rehab,"('mongo', 'byded', 'exurb', 'sippy', 'heirs', 'hejab')"
resin,"('flyby', 'smurs', 'sharn', 'facta', 'negro', 'sewin')"
resin,"('fluff', 'spork', 'sharn', 'palay', 'neese', 'sewin')"
resin,"('mucky', 'ivied', 'starn', 'happy', 'negro', 'sewin')"
retch,"('xylyl', 'codec', 'caneh', 'nalas', 'cesti', 'teuch')"
retch,"('bindi', 'cukes', 'cloth', 'flump', 'hefty', 'teach')"
retch,"('jugum', 'cives', 'cloth', 'fauna', 'henry', 'teach')"
retry,"('zimbi', 'tolyl', 'typey', 'chunk', 'yests', 'teary')"
retry,"('culch', 'tosed', 'empty', 'kibbi', 'yente', 'teary')"
retry,"('choil', 'tsked', 'empty', 'bongs', 'yente', 'teary')"
revue,"('hotch', 'vairy', 'umbre', 'idyls', 'vexes', 'venue')"
revue,"('cwtch', 'vairs', 'emove', 'flyby', 'vexed', 'venue')"
revue,"('kicky', 'volet', 'upsee', 'gamba', 'vexed', 'venue')"
ridge,"('patch', 'eyers', 'dobie', 'fluff', 'dived', 'dinge')"
ridge,"('jaffa', 'duvet', 'doxie', 'tusks', 'dikey', 'dinge')"
ridge,"('putty', 'dwarf', 'dobie', 'caboc', 'eilds', 'dinge')"
rifle,"('vutty', 'izard', 'fogie', 'snood', 'lines', 'fille')"
rifle,"('mamma', 'indew', 'locie', 'gyppy', 'fives', 'fille')"
rifle,"('yacca', 'ettin', 'loure', 'stunk', 'fives', 'fille')"
rinse,"('ghyll', 'saved', 'spore', 'bucku', 'sites', 'nisse')"
rinse,"('mooly', 'spaed', 'skene', 'buchu', 'sixes', 'nisse')"
rinse,"('buchu', 'impro', 'seare', 'xylyl', 'nided', 'nisse')"
risen,"('yummy', 'stoit', 'sharn', 'gyoza', 'signs', 'silen')"
risen,"('hyphy', 'sturt', 'scorn', 'jumby', 'signa', 'silen')"
risen,"('fubby', 'imari', 'sozin', 'cwtch', 'eigne', 'silen')"
risky,"('feaze', 'sturt', 'ivory', 'fauld', 'sibyl', 'sinky')"
risky,"('phpht', 'squid', 'scary', 'leuch', 'kiore', 'silky')"
risky,"('cheth', 'squiz', 'snary', 'alowe', 'kiosk', 'silky')"
rival,"('hyphy', 'axoid', 'aumil', 'steme', 'aisle', 'vital')"
rival,"('khuds', 'amnic', 'vexil', 'gyppy', 'aioli', 'vital')"
rival,"('cwtch', 'loord', 'aumil', 'feces', 'aiery', 'vinal')"
rocky,"('jebel', 'yupon', 'ovary', 'vague', 'coirs', 'cooky')"
rocky,"('badge', 'chirm', 'clary', 'aspis', 'coure', 'conky')"
rocky,"('phpht', 'yfere', 'kaury', 'hains', 'coirs', 'cooky')"
roger,"('lucid', 'every', 'gator', 'zincy', 'goors', 'gomer')"
roger,"('album', 'estoc', 'ephor', 'vivid', 'goory', 'goner')"
roger,"('xylyl', 'etage', 'ephor', 'jinns', 'gourd', 'gomer')"
rover,"('gulph', 'enjoy', 'visor', 'takky', 'voars', 'vower')"
rover,"('bumph', 'enjoy', 'valor', 'playa', 'voars', 'voter')"
rover,"('fluff', 'ephod', 'vigor', 'intil', 'voars', 'voter')"
rowdy,"('bucku', 'whirr', 'otary', 'exeme', 'doors', 'woody')"
rowdy,"('phpht', 'ombre', 'dairy', 'capiz', 'yours', 'woody')"
rowdy,"('ictic', 'yupon', 'weary', 'stamp', 'dobro', 'woody')"
rumor,"('gilpy', 'oxers', 'odour', 'wanna', 'outro', 'mucor')"
rumor,"('phpht', 'ulema', 'odour', 'gynny', 'muirs', 'mucor')"
rumor,"('gynny', 'opera', 'odour', 'attic', 'muirs', 'mucor')"
rusty,"('blink', 'thoro', 'updry', 'newie', 'tugra', 'suety')"
rusty,"('flown', 'uhuru', 'tipsy', 'hovel', 'tugra', 'suety')"
rusty,"('ancho', 'thoro', 'tipsy', 'honed', 'tugra', 'suety')"
sadly,"('motto', 'decaf', 'drusy', 'mucic', 'laksa', 'daily')"
sadly,"('porno', 'amass', 'decay', 'hight', 'laksa', 'dally')"
sadly,"('renne', 'douar', 'antsy', 'thick', 'lapse', 'daily')"
safer,"('duppy', 'rotan', 'embar', 'villi', 'eagre', 'facer')"
safer,"('ohmic', 'fubsy', 'friar', 'unkid', 'fatso', 'faver')"
safer,"('lotto', 'embay', 'friar', 'hunch', 'eagre', 'fader')"
sally,"('recti', 'leish', 'lousy', 'deice', 'laksa', 'laxly')"
sally,"('jugum', 'aviso', 'antsy', 'metro', 'lapse', 'laxly')"
sally,"('ngwee', 'ydrad', 'lousy', 'fitch', 'laksa', 'laxly')"
salsa,"('houff', 'ayelp', 'agila', 'rover', 'lazar', 'laksa')"
salsa,"('crout', 'ajwan', 'agila', 'yexed', 'lahal', 'laksa')"
salsa,"('found', 'arear', 'agila', 'fungi', 'latah', 'laksa')"
salty,"('forum', 'argle', 'lousy', 'runic', 'tabla', 'laity')"
salty,"('debur', 'logan', 'amply', 'fuzed', 'laksa', 'laity')"
salty,"('bucku', 'thraw', 'today', 'coden', 'lapse', 'laity')"
salvo,"('chirr', 'amply', 'anglo', 'butut', 'laksa', 'laevo')"
salvo,"('hudud', 'ariot', 'anglo', 'emmew', 'laksa', 'laevo')"
salvo,"('mythi', 'arroz', 'anglo', 'chert', 'laksa', 'laevo')"
saner,"('butoh', 'award', 'eggar', 'xylyl', 'naira', 'naker')"
saner,"('bobol', 'expat', 'eggar', 'chuff', 'rainy', 'naker')"
saner,"('photo', 'afara', 'eggar', 'xylyl', 'nairu', 'namer')"
satin,"('hyphy', 'ileac', 'toran', 'oleum', 'taunt', 'tamin')"
satin,"('gyppy', 'aceta', 'tolan', 'coble', 'taunt', 'takin')"
satin,"('eloge', 'touse', 'ingan', 'gybed', 'tawny', 'takin')"
savor,"('thump', 'reran', 'vicar', 'penni', 'vairy', 'valor')"
savor,"('gummy', 'antra', 'vicar', 'wicky', 'vaire', 'valor')"
savor,"('pygmy', 'azurn', 'vicar', 'clipe', 'raise', 'valor')"
scald,"('jugum', 'crest', 'cycad', 'jewie', 'acidy', 'acold')"
scald,"('butut', 'dress', 'cycad', 'fixer', 'acidy', 'acold')"
scald,"('thump', 'debar', 'cycad', 'oxeye', 'acidy', 'acold')"
score,"('pzazz', 'cluey', 'rinse', 'aging', 'octet', 'ochre')"
score,"('madid', 'riley', 'cause', 'mania', 'octet', 'ochre')"
score,"('yakka', 'cimex', 'reuse', 'nihil', 'octet', 'ochre')"
sedan,"('cruft', 'ebony', 'dizen', 'hilly', 'neese', 'dewan')"
sedan,"('kombu', 'allee', 'arpen', 'lough', 'neist', 'dewan')"
sedan,"('vouch', 'eking', 'arpen', 'chuck', 'needy', 'deman')"
sense,"('vuggy', 'named', 'ethne', 'brook', 'newel', 'neese')"
sense,"('butch', 'naker', 'exine', 'gyppo', 'newed', 'neese')"
sense,"('yacka', 'ebbet', 'ezine', 'fluff', 'never', 'neese')"
serve,"('haith', 'ropey', 'emure', 'pling', 'reast', 'reive')"
serve,"('phpht', 'rifer', 'rouse', 'malwa', 'veney', 'reave')"
serve,"('kicky', 'vowed', 'ragee', 'humph', 'refel', 'reeve')"
silky,"('odour', 'ixtle', 'imply', 'coned', 'kibla', 'linky')"
silky,"('crwth', 'leese', 'lousy', 'vowed', 'kibla', 'linky')"
silky,"('phpht', 'kvass', 'lousy', 'emong', 'yield', 'linky')"
since,"('rummy', 'nooit', 'caese', 'magma', 'cided', 'niece')"
since,"('pokal', 'immew', 'chuse', 'lotta', 'niger', 'niece')"
since,"('jhala', 'coyer', 'nudie', 'forky', 'cimex', 'niece')"
siren,"('hudud', 'emery', 'elain', 'dobby', 'nitro', 'ripen')"
siren,"('loppy', 'ethne', 'ramin', 'bucku', 'eigne', 'riven')"
siren,"('alkyd', 'emerg', 'rubin', 'galvo', 'nitro', 'riven')"
slack,"('humph', 'cycad', 'croak', 'gwine', 'alist', 'aleck')"
slack,"('gyppy', 'ahull', 'croak', 'repeg', 'alist', 'aleck')"
slack,"('ungum', 'apply', 'croak', 'nixer', 'alist', 'aleck')"
slain,"('bubby', 'ament', 'ingan', 'mouth', 'ilial', 'aloin')"
slain,"('tutty', 'amble', 'ingan', 'yukky', 'iliad', 'aloin')"
slain,"('bumpy', 'ident', 'lohan', 'emmer', 'ilial', 'algin')"
slave,"('fubby', 'armer', 'anole', 'cwtch', 'aldea', 'alive')"
slave,"('bothy', 'axmen', 'verse', 'rhumb', 'aldea', 'alive')"
slave,"('buppy', 'ached', 'amole', 'drouk', 'alter', 'alive')"
smack,"('phpht', 'medal', 'croak', 'gynny', 'amiss', 'amuck')"
smack,"('ghyll', 'mense', 'croak', 'wound', 'amiss', 'amuck')"
smack,"('hyphy', 'coxal', 'creak', 'ruddy', 'amiss', 'amuck')"
smart,"('chuck', 'tense', 'rybat', 'gungy', 'amiss', 'amort')"
smart,"('gonif', 'thymy', 'muist', 'winze', 'amuse', 'amort')"
smart,"('jewel', 'thump', 'angst', 'cloud', 'amiss', 'amort')"
smear,"('vuggy', 'apart', 'mower', 'dilli', 'amass', 'embar')"
smear,"('fuffy', 'aldea', 'moper', 'cwtch', 'amiss', 'embar')"
smear,"('toffy', 'allel', 'aider', 'chuck', 'amass', 'embar')"
snail,"('truck', 'abyss', 'nodal', 'dopey', 'ingle', 'anvil')"
snail,"('grump', 'nobly', 'ilial', 'cwtch', 'anele', 'anvil')"
snail,"('purpy', 'icing', 'notal', 'peeve', 'inkle', 'anvil')"
snare,"('humph', 'ebony', 'aline', 'wilco', 'annex', 'antre')"
snare,"('bumpy', 'nowed', 'rhine', 'duchy', 'annex', 'antre')"
snare,"('boggy', 'eliad', 'amuse', 'footy', 'annex', 'antre')"
sober,"('kacha', 'blist', 'error', 'cluck', 'bousy', 'boner')"
sober,"('pipul', 'emerg', 'error', 'whyda', 'boost', 'boner')"
sober,"('jawan', 'rugby', 'error', 'cippi', 'boord', 'borer')"
solar,"('cwtch', 'apply', 'livor', 'buffe', 'louse', 'lobar')"
solar,"('ewked', 'agism', 'actor', 'given', 'loury', 'lobar')"
solar,"('hyphy', 'ovist', 'ardor', 'unify', 'rouse', 'lobar')"
solve,"('hyphy', 'vinew', 'verse', 'hazan', 'loued', 'loave')"
solve,"('crwth', 'liney', 'leese', 'witty', 'lomed', 'loave')"
solve,"('chuck', 'vibey', 'verse', 'faint', 'voted', 'loave')"
sower,"('duppy', 'embox', 'error', 'ainga', 'roost', 'woker')"
sower,"('cupid', 'enjoy', 'error', 'thunk', 'roast', 'woker')"
sower,"('pigmy', 'wahoo', 'error', 'bumph', 'roust', 'wooer')"
spade,"('thymy', 'prief', 'dulse', 'intil', 'apnea', 'apode')"
spade,"('cwtch', 'duded', 'pilae', 'molto', 'apnea', 'apode')"
spade,"('cwtch', 'dryer', 'pupae', 'cloth', 'apism', 'apode')"
stake,"('bundu', 'tipsy', 'temse', 'mudir', 'ethal', 'atoke')"
stake,"('pudic', 'eensy', 'thrae', 'frory', 'ethal', 'atoke')"
stake,"('yummy', 'annex', 'arise', 'floor', 'ethal', 'atoke')"
steal,"('wrick', 'lofty', 'angel', 'unrid', 'ettle', 'ethal')"
steal,"('jugum', 'lycee', 'towel', 'kokum', 'atilt', 'ethal')"
steal,"('wongi', 'tupek', 'allel', 'dykon', 'ettle', 'ethal')"
stein,"('buzzy', 'tousy', 'taken', 'qajaq', 'ither', 'ettin')"
stein,"('dowdy', 'icier', 'taken', 'pluff', 'ethne', 'ettin')"
stein,"('booby', 'igged', 'taken', 'plump', 'ither', 'ettin')"
sugar,"('oboli', 'antsy', 'gebur', 'tinct', 'guiro', 'gular')"
sugar,"('hymen', 'aviso', 'gebur', 'boded', 'gutsy', 'gular')"
sugar,"('kiddy', 'awarn', 'amour', 'phpht', 'guess', 'gular')"
surly,"('wootz', 'linux', 'leery', 'bonce', 'lubra', 'rumly')"
surly,"('boffo', 'linux', 'leary', 'phpht', 'lucre', 'rumly')"
surly,"('jinni', 'loord', 'rebuy', 'cwtch', 'lubra', 'rumly')"
tabby,"('hooch', 'bedad', 'aunty', 'gliff', 'basts', 'barby')"
tabby,"('flimp', 'yojan', 'byway', 'deeve', 'bahts', 'barby')"
tabby,"('hedge', 'busts', 'boxty', 'segol', 'balti', 'barby')"
table,"('cocos', 'eupad', 'amate', 'jinni', 'laver', 'bayle')"
table,"('sushi', 'acker', 'azote', 'oundy', 'laved', 'bayle')"
table,"('pinon', 'emmas', 'acute', 'shush', 'baker', 'bayle')"
taboo,"('hurry', 'occam', 'aweto', 'delfs', 'basti', 'baloo')"
taboo,"('yucch', 'oflag', 'bento', 'neddy', 'baits', 'bazoo')"
taboo,"('fuggy', 'araba', 'bento', 'snick', 'baits', 'baloo')"
tacky,"('hudud', 'amici', 'kelty', 'ileus', 'yarto', 'casky')"
tacky,"('pouff', 'amici', 'certy', 'voids', 'calyx', 'casky')"
tacky,"('lived', 'abaca', 'copay', 'jugum', 'yarta', 'casky')"
tally,"('bunch', 'agate', 'amity', 'vinew', 'yarto', 'laxly')"
tally,"('peeve', 'agita', 'lusty', 'croon', 'yarto', 'laxly')"
tally,"('sukuk', 'apayd', 'lefty', 'minim', 'yarto', 'laxly')"
tamer,"('xylyl', 'rhomb', 'eggar', 'oboli', 'mauri', 'maser')"
tamer,"('hyphy', 'rubai', 'molar', 'fools', 'eagre', 'maser')"
tamer,"('quiff', 'enemy', 'eggar', 'dying', 'macro', 'maser')"
tangy,"('fumer', 'yclad', 'goony', 'phizz', 'gasts', 'naggy')"
tangy,"('ibrik', 'gleam', 'gouty', 'sowff', 'yawns', 'naggy')"
tangy,"('rhumb', 'alone', 'nifty', 'heils', 'yawns', 'naggy')"
taper,"('buggy', 'eniac', 'polar', 'dungs', 'easts', 'pawer')"
taper,"('skyfs', 'pujah', 'polar', 'munis', 'padri', 'paver')"
taper,"('choux', 'aggry', 'pilar', 'woful', 'rasta', 'paver')"
tardy,"('clump', 'abore', 'rifty', 'wings', 'dawts', 'randy')"
tardy,"('civil', 'azure', 'awmry', 'gobbo', 'rafts', 'randy')"
tardy,"('neume', 'recto', 'rusty', 'cusks', 'raita', 'randy')"
taste,"('wonky', 'spied', 'abase', 'knock', 'sager', 'saute')"
taste,"('hyphy', 'soled', 'anise', 'knurr', 'saver', 'saute')"
taste,"('conch', 'amiss', 'abase', 'xylyl', 'sages', 'saute')"
teddy,"('glogg', 'daven', 'dicty', 'uhuru', 'yests', 'deedy')"
teddy,"('boong', 'easts', 'dicey', 'pluff', 'derth', 'deedy')"
teddy,"('ganof', 'dirts', 'dykey', 'minks', 'depth', 'deedy')"
tense,"('flump', 'soger', 'shite', 'logic', 'seats', 'neese')"
tense,"('cymol', 'edged', 'spite', 'jaffa', 'newer', 'neese')"
tense,"('flimp', 'scath', 'sowne', 'urubu', 'sesey', 'neese')"
tepee,"('figgy', 'plotz', 'enate', 'uhuru', 'pests', 'pewee')"
tepee,"('civic', 'plotz', 'prate', 'yukky', 'pents', 'pewee')"
tepee,"('noddy', 'pratt', 'evite', 'bucku', 'pelts', 'pewee')"
terse,"('colby', 'sists', 'skate', 'dally', 'sexts', 'reuse')"
terse,"('agama', 'soots', 'elite', 'hyphy', 'rewed', 'reuse')"
terse,"('yippy', 'soken', 'scare', 'donny', 'sewed', 'reuse')"
testy,"('kudzu', 'sorel', 'savey', 'mambo', 'yeesh', 'seity')"
testy,"('draff', 'slues', 'sooey', 'dinar', 'yeesh', 'seity')"
testy,"('agama', 'soree', 'skyey', 'bluff', 'yeesh', 'seity')"
thrum,"('flyby', 'hists', 'unarm', 'bines', 'mhorr', 'rheum')"
thrum,"('gyppy', 'hists', 'unarm', 'flype', 'rhomb', 'rheum')"
thrum,"('spiky', 'milty', 'unarm', 'conks', 'rhomb', 'rheum')"
tibia,"('crook', 'benty', 'basta', 'pluff', 'bimah', 'bivia')"
tibia,"('puker', 'inlay', 'basta', 'zocco', 'bimah', 'bivia')"
tibia,"('nooky', 'blear', 'basta', 'sculk', 'bimah', 'bivia')"
tiger,"('poppy', 'equid', 'glair', 'sonsy', 'rings', 'giver')"
tiger,"('chump', 'ronts', 'glair', 'phyla', 'ridgy', 'giver')"
tiger,"('dwaum', 'illth', 'eyrir', 'convo', 'rifts', 'giber')"
timer,"('hunks', 'molto', 'eyrir', 'dally', 'micra', 'mixer')"
timer,"('poohs', 'enemy', 'mudir', 'chaos', 'mikra', 'miler')"
timer,"('swags', 'every', 'mudir', 'ulnad', 'micro', 'miner')"
tipsy,"('cubed', 'slain', 'porty', 'would', 'sifts', 'pissy')"
tipsy,"('kudzu', 'scatt', 'slopy', 'haded', 'sieth', 'pissy')"
tipsy,"('aflaj', 'semis', 'soupy', 'noxal', 'sists', 'pissy')"
toddy,"('blimp', 'yente', 'duroy', 'hilum', 'doats', 'doody')"
toddy,"('zanja', 'defog', 'duroy', 'knave', 'doits', 'dowdy')"
toddy,"('chuck', 'yapon', 'deity', 'herms', 'dolts', 'dowdy')"
token,"('dummy', 'elite', 'ergon', 'divis', 'koans', 'kohen')"
token,"('muzzy', 'eland', 'ergon', 'civic', 'nooks', 'kohen')"
token,"('cliff', 'empty', 'ergon', 'daris', 'koans', 'kohen')"
tonal,"('juice', 'obols', 'aldol', 'gyppy', 'north', 'noxal')"
tonal,"('jembe', 'askos', 'nicol', 'vuggy', 'north', 'noxal')"
tonal,"('fuzzy', 'ahind', 'argol', 'exeem', 'loots', 'nopal')"
torch,"('walds', 'hypos', 'cheth', 'asked', 'houri', 'roach')"
torch,"('pippy', 'culty', 'rewth', 'eliad', 'coirs', 'roach')"
torch,"('undug', 'hists', 'rewth', 'biffs', 'hooty', 'roach')"
tower,"('buddy', 'wagon', 'ephor', 'civic', 'rosts', 'wooer')"
tower,"('jiggy', 'radon', 'ephor', 'fluff', 'rorts', 'woker')"
tower,"('nabla', 'emerg', 'error', 'skips', 'routh', 'wooer')"
trade,"('whoof', 'duked', 'rimae', 'xylyl', 'arpen', 'arede')"
trade,"('scums', 'akita', 'ronte', 'bongo', 'dryad', 'arede')"
trade,"('cippi', 'rohes', 'alure', 'micky', 'dryad', 'arede')"
trail,"('unwed', 'acold', 'regal', 'muons', 'aryls', 'armil')"
trail,"('boffo', 'apply', 'rumal', 'gowds', 'arets', 'argil')"
trail,"('gyppy', 'awork', 'rural', 'pomps', 'arets', 'armil')"
trash,"('gouge', 'rolag', 'synth', 'boofy', 'aruhe', 'arish')"
trash,"('clung', 'adyta', 'sokah', 'fizzy', 'arett', 'arish')"
trash,"('gynny', 'sluts', 'sooth', 'womby', 'arett', 'arish')"
tried,"('nymph', 'douts', 'izard', 'shyly', 'ervil', 'irked')"
tried,"('humpy', 'elsin', 'rorid', 'hyson', 'erbia', 'irked')"
tried,"('lunch', 'empty', 'izard', 'algal', 'erode', 'irked')"
trite,"('fluff', 'emery', 'rorie', 'wauls', 'irked', 'irate')"
trite,"('fubby', 'incel', 'rowie', 'fanum', 'irked', 'irate')"
trite,"('huffy', 'egers', 'relie', 'commo', 'irked', 'irate')"
tumor,"('bivvy', 'reame', 'odour', 'ancle', 'musth', 'mucor')"
tumor,"('hyphy', 'mixte', 'odour', 'desks', 'rusma', 'mucor')"
tumor,"('wheep', 'manul', 'odour', 'hakes', 'mufti', 'mucor')"
turbo,"('wases', 'bajri', 'recto', 'filmy', 'runty', 'rumbo')"
turbo,"('deids', 'bawty', 'bento', 'mikva', 'busti', 'rumbo')"
turbo,"('dawah', 'blitz', 'bento', 'genal', 'rusty', 'rumbo')"
urine,"('slyly', 'evert', 'regie', 'salts', 'erbia', 'irone')"
urine,"('pygmy', 'rabic', 'retie', 'polka', 'ervil', 'irone')"
urine,"('phpht', 'nazes', 'newie', 'mommy', 'ervil', 'irone')"
valet,"('figgy', 'enols', 'expat', 'forby', 'tauld', 'lacet')"
valet,"('nubby', 'aioli', 'expat', 'munch', 'easle', 'lacet')"
valet,"('krunk', 'apply', 'atilt', 'gobbo', 'lasts', 'lacet')"
valor,"('mummy', 'akela', 'oscar', 'phpht', 'laari', 'labor')"
valor,"('guimp', 'oshac', 'ottar', 'jeeze', 'rawly', 'labor')"
valor,"('chump', 'oxers', 'lidar', 'nitty', 'rawly', 'labor')"
vapor,"('exeem', 'ahuru', 'oscar', 'imshy', 'padri', 'payor')"
vapor,"('meuse', 'oumas', 'petar', 'setts', 'pagri', 'payor')"
vapor,"('ficin', 'ahuru', 'petar', 'guilt', 'rasps', 'payor')"
vegan,"('kutch', 'gowns', 'alien', 'twirl', 'gerne', 'geyan')"
vegan,"('humph', 'adzed', 'alien', 'sucks', 'aeons', 'geyan')"
vegan,"('jocko', 'glues', 'arpen', 'ordos', 'neigh', 'geyan')"
verse,"('jnana', 'roded', 'shive', 'gyppy', 'rebec', 'reuse')"
verse,"('oxbow', 'rated', 'sycee', 'gliff', 'remen', 'reuse')"
verse,"('kyack', 'shoes', 'spire', 'aalii', 'semes', 'reuse')"
verve,"('cotts', 'ebbed', 'emure', 'gliff', 'renew', 'reave')"
verve,"('sloot', 'rifer', 'enure', 'gyppy', 'reked', 'reave')"
verve,"('hubby', 'roked', 'ragee', 'bunas', 'reses', 'reive')"
vicar,"('tuktu', 'afara', 'choir', 'pound', 'aiery', 'cimar')"
vicar,"('fluff', 'axoid', 'astir', 'nymph', 'rieve', 'cigar')"
vicar,"('gyppy', 'cutis', 'choir', 'deeds', 'rieve', 'cimar')"
viper,"('butts', 'eloin', 'eyrir', 'stoma', 'picra', 'piker')"
viper,"('jomon', 'ralph', 'eyrir', 'butut', 'risps', 'piker')"
viper,"('llama', 'ethic', 'eyrir', 'ungod', 'risps', 'piker')"
viral,"('sekos', 'antic', 'aumil', 'sowed', 'libri', 'riyal')"
viral,"('conch', 'affix', 'aumil', 'bongo', 'lieve', 'riyal')"
viral,"('thoft', 'acais', 'aumil', 'stunk', 'lieve', 'riyal')"
virus,"('glyph', 'sword', 'reais', 'deoxy', 'rieve', 'rimus')"
virus,"('ghyll', 'intro', 'rabis', 'flack', 'sieve', 'rimus')"
virus,"('gynny', 'sword', 'users', 'phpht', 'silva', 'rimus')"
vital,"('jupon', 'akela', 'armil', 'hexer', 'lists', 'tical')"
vital,"('funky', 'abele', 'armil', 'comby', 'aioli', 'tical')"
vital,"('nooky', 'argle', 'aumil', 'chocs', 'lists', 'tidal')"
vocal,"('kythe', 'arson', 'cibol', 'piets', 'could', 'cowal')"
vocal,"('jugum', 'oddly', 'cibol', 'theft', 'cowls', 'coral')"
vocal,"('setts', 'argon', 'cibol', 'whump', 'coyly', 'coxal')"
voter,"('cabby', 'third', 'error', 'flung', 'roots', 'toper')"
voter,"('junky', 'razoo', 'trior', 'jibbs', 'rosts', 'toper')"
voter,"('canid', 'embox', 'ephor', 'bungs', 'tours', 'toyer')"
wacky,"('mongo', 'curat', 'chewy', 'bifid', 'calyx', 'casky')"
wacky,"('muted', 'abaci', 'copay', 'flies', 'calyx', 'casky')"
wacky,"('bifid', 'kulak', 'chewy', 'dodos', 'yarco', 'casky')"
wafer,"('muzzy', 'alifs', 'eggar', 'knock', 'fatwa', 'farer')"
wafer,"('hokku', 'egers', 'embar', 'duply', 'fairy', 'fader')"
wafer,"('holon', 'emure', 'eskar', 'quipu', 'fairy', 'fader')"
wager,"('ictic', 'essay', 'gobar', 'pluff', 'ranga', 'gazer')"
wager,"('build', 'amowt', 'eskar', 'fluky', 'rangy', 'gazer')"
wager,"('cippi', 'every', 'embar', 'hollo', 'gaurs', 'gater')"
wagon,"('fyrds', 'amene', 'align', 'cited', 'gaunt', 'gazon')"
wagon,"('mussy', 'aband', 'glean', 'phpht', 'garni', 'gazon')"
wagon,"('hyphy', 'adunc', 'glean', 'murry', 'gains', 'gazon')"
warty,"('kudzu', 'roman', 'aiery', 'sidhe', 'tahrs', 'ratty')"
warty,"('bobol', 'rudas', 'thewy', 'cline', 'taira', 'ratty')"
warty,"('cloff', 'ahuru', 'renay', 'vises', 'taira', 'ratty')"
waste,"('hyphy', 'troak', 'avise', 'cliff', 'taxed', 'saute')"
waste,"('boppy', 'elvan', 'arise', 'hulky', 'samek', 'saute')"
waste,"('flyby', 'axmen', 'togae', 'cippi', 'sared', 'saute')"
water,"('noily', 'afara', 'embar', 'nihil', 'tahrs', 'taker')"
water,"('hoody', 'tilak', 'tubar', 'diols', 'rasta', 'taper')"
water,"('colin', 'aggry', 'embar', 'kudzu', 'tahrs', 'taver')"
waver,"('fondu', 'riyal', 'escar', 'poulp', 'eagre', 'vaper')"
waver,"('smuts', 'vocab', 'eggar', 'mutch', 'vairy', 'vaper')"
waver,"('fully', 'andro', 'escar', 'immit', 'eagre', 'vaper')"
welch,"('zuzim', 'loves', 'caneh', 'gyppy', 'lethe', 'leach')"
welch,"('jugum', 'hooey', 'caneh', 'bifid', 'herls', 'letch')"
welch,"('fordo', 'hypes', 'caneh', 'kibbi', 'lethe', 'leuch')"
widen,"('champ', 'exude', 'drown', 'lymph', 'eilds', 'dizen')"
widen,"('scurs', 'eejit', 'eloin', 'gyppy', 'divna', 'dizen')"
widen,"('outby', 'imids', 'elfin', 'yucko', 'divna', 'dizen')"
wider,"('mamba', 'epode', 'eyrir', 'chuff', 'rinds', 'diker')"
wider,"('bluff', 'doorn', 'eyrir', 'phpht', 'riads', 'dimer')"
wider,"('gulch', 'inorb', 'eyrir', 'xoana', 'riads', 'direr')"
wince,"('jugum', 'chynd', 'crone', 'papal', 'cites', 'niece')"
wince,"('huggy', 'noses', 'cerne', 'taata', 'cimex', 'niece')"
wince,"('ghyll', 'naves', 'imine', 'putto', 'nixed', 'niece')"
wispy,"('drunk', 'shaws', 'poesy', 'knurl', 'sibyl', 'sippy')"
wispy,"('mutch', 'sakis', 'poesy', 'kevel', 'sibyl', 'sippy')"
wispy,"('durum', 'pease', 'potsy', 'javel', 'sibyl', 'sippy')"
woken,"('lippy', 'kazoo', 'ergon', 'butut', 'nooks', 'kohen')"
woken,"('dilli', 'kapok', 'ergon', 'fubby', 'nooks', 'kohen')"
woken,"('fuddy', 'nicol', 'ergon', 'iambi', 'koans', 'kohen')"
women,"('xylyl', 'ering', 'mason', 'daals', 'mound', 'moten')"
women,"('xylyl', 'eigne', 'mason', 'staph', 'mound', 'moten')"
women,"('fubby', 'exeme', 'eikon', 'papal', 'morns', 'moten')"
worse,"('chich', 'salet', 'spyre', 'qanat', 'sokes', 'rouse')"
worse,"('plant', 'riley', 'spare', 'hutia', 'sones', 'rouse')"
worse,"('tutty', 'obied', 'snare', 'lupin', 'romeo', 'roose')"
worst,"('gabby', 'silos', 'sturt', 'bally', 'roate', 'royst')"
worst,"('japan', 'smerk', 'shirt', 'ahind', 'rooty', 'roust')"
worst,"('plumb', 'synod', 'shirt', 'caeca', 'route', 'roast')"
wreck,"('xylyl', 'robed', 'chawk', 'fondu', 'crues', 'erick')"
wreck,"('gynny', 'ruler', 'chark', 'aquas', 'crows', 'erick')"
wreck,"('flyby', 'ruder', 'chawk', 'fitna', 'crows', 'erick')"
write,"('culch', 'egers', 'tozie', 'knoll', 'tryer', 'irate')"
write,"('gyppy', 'elfin', 'rudie', 'susus', 'trois', 'irate')"
write,"('ghyll', 'robed', 'revie', 'baffs', 'trues', 'irate')"
wrote,"('lymph', 'ruder', 'titre', 'kisan', 'ergos', 'orate')"
wrote,"('clump', 'oozes', 'titre', 'psalm', 'tryer', 'orate')"
wrote,"('pulli', 'rykes', 'ombre', 'bingy', 'order', 'orate')"
zesty,"('choof', 'tubed', 'samey', 'gonia', 'terse', 'seity')"
zesty,"('frump', 'tacet', 'towsy', 'wilja', 'tense', 'seity')"
zesty,"('jnana', 'shoyu', 'typey', 'murid', 'terse', 'seity')"
zonal,"('immix', 'accoy', 'nerol', 'phpht', 'loons', 'nodal')"
zonal,"('yucky', 'ample', 'argol', 'uptie', 'loins', 'nodal')"
zonal,"('huhus', 'amene', 'argol', 'purge', 'noily', 'nopal')"
